player_id,first_name,last_name,age,email,country,gender,favorite_game,weekly_hours
1,Kellen,Gascard,83,kgascard0@washington.edu,Sweden,Male,Super Mario Odyssey,9.53
2,Johannes,Mannix,82,jmannix1@ehow.com,Indonesia,Male,Assassin's Creed Odyssey,26.41
3,Chelsy,Portsmouth,41,cportsmouth2@dropbox.com,Indonesia,Female,Grand Theft Auto V,78.23
4,Mellisent,Cramond,47,mcramond3@netscape.com,United Arab Emirates,Female,Overwatch,35.17
5,Charita,Tzar,38,ctzar4@infoseek.co.jp,Mexico,Female,FIFA 20,1.37
6,Matilde,Grisewood,22,mgrisewood5@census.gov,Armenia,Female,Red Dead Redemption 2,49.68
7,Patsy,Randle,56,prandle6@issuu.com,Indonesia,Female,Call of Duty: Modern Warfare,97.08
8,Ben,Eversley,81,beversley7@epa.gov,Ukraine,Male,The Legend of Zelda: Breath of the Wild,112.4
9,Gerard,Saldler,33,gsaldler8@huffingtonpost.com,France,Male,The Legend of Zelda: Breath of the Wild,119.79
10,Barnaby,Bastide,39,bbastide9@nsw.gov.au,Indonesia,Male,Overwatch,136.77
11,Walden,Trotter,67,wtrottera@gravatar.com,Poland,Male,Overwatch,20.44
12,Vere,Reason,68,vreasonb@blogger.com,France,Female,Minecraft,14
13,Darby,Canizares,38,dcanizaresc@discovery.com,Poland,Male,Assassin's Creed Odyssey,140.74
14,Alana,Shotter,74,ashotterd@mapquest.com,China,Female,Assassin's Creed Odyssey,146.51
15,Andria,Matej,51,amateje@shutterfly.com,Uganda,Female,FIFA 20,51.63
16,Leandra,Yourell,67,lyourellf@google.co.jp,Russia,Female,Minecraft,40.45
17,Juditha,Yven,66,jyveng@webnode.com,Thailand,Female,Overwatch,92.94
18,Kristos,Igoe,65,kigoeh@simplemachines.org,China,Male,Red Dead Redemption 2,116.13
19,Flint,Wait,59,fwaiti@infoseek.co.jp,Thailand,Male,Minecraft,47.14
20,Addison,Fowells,65,afowellsj@buzzfeed.com,Peru,Male,FIFA 20,134.7
21,Marna,Scrimshaw,43,mscrimshawk@163.com,Portugal,Female,Overwatch,29.49
22,Dael,Bisco,75,dbiscol@pagesperso-orange.fr,Indonesia,Female,Overwatch,20.48
23,Benedikta,Spatoni,81,bspatonim@smh.com.au,China,Female,Assassin's Creed Odyssey,22.68
24,Allene,Godard,52,agodardn@gnu.org,Vietnam,Female,Red Dead Redemption 2,88.3
25,Elberta,Van Son,62,evansono@fema.gov,Russia,Female,Assassin's Creed Odyssey,135.23
26,Kalinda,Storey,25,kstoreyp@aol.com,China,Female,Red Dead Redemption 2,154.39
27,Pearle,Dei,22,pdeiq@blogspot.com,Malaysia,Female,Fortnite,157.66
28,Catrina,Cann,78,ccannr@irs.gov,Bosnia and Herzegovina,Female,Overwatch,105.27
29,Evonne,Harewood,79,eharewoods@merriam-webster.com,Brazil,Female,Minecraft,31.18
30,Liesa,Kilcoyne,43,lkilcoynet@unc.edu,China,Female,FIFA 20,70.49
31,Thaine,Ricardin,27,tricardinu@freewebs.com,Madagascar,Male,Assassin's Creed Odyssey,111.91
32,Tamma,Finney,26,tfinneyv@gnu.org,Indonesia,Female,Minecraft,86.34
33,Annamarie,Fanthome,50,afanthomew@hexun.com,Mexico,Female,Grand Theft Auto V,98.68
34,Val,Cattermole,51,vcattermolex@tripod.com,Portugal,Female,Call of Duty: Modern Warfare,111.11
35,Helsa,Whoolehan,72,hwhoolehany@sciencedirect.com,Peru,Female,Assassin's Creed Odyssey,105.53
36,Alie,Lawdham,26,alawdhamz@google.co.jp,Portugal,Female,Super Mario Odyssey,124.11
37,Alvira,Sogg,27,asogg10@state.tx.us,China,Female,Super Mario Odyssey,108.06
38,Steve,Shurlock,54,sshurlock11@timesonline.co.uk,Indonesia,Male,FIFA 20,43.89
39,Bekki,Cartmill,72,bcartmill12@shareasale.com,China,Female,FIFA 20,161.53
40,Augie,Baal,44,abaal13@ifeng.com,Czech Republic,Male,Super Mario Odyssey,145.49
41,Franciskus,Arckoll,47,farckoll14@delicious.com,Ukraine,Male,Assassin's Creed Odyssey,33.24
42,Neila,Takos,22,ntakos15@google.com.hk,Brazil,Female,Call of Duty: Modern Warfare,115.29
43,Torrence,Ruller,51,truller16@ft.com,Kazakhstan,Male,Fortnite,84.77
44,Darline,McNerlin,76,dmcnerlin17@theguardian.com,Nicaragua,Female,Super Mario Odyssey,9.14
45,Kelley,Staner,79,kstaner18@so-net.ne.jp,Tajikistan,Male,Grand Theft Auto V,147.66
46,Cart,Rogeon,72,crogeon19@kickstarter.com,Portugal,Male,Fortnite,51.41
47,Hart,Dory,38,hdory1a@twitpic.com,Philippines,Male,FIFA 20,24.06
48,Julian,Cancelier,46,jcancelier1b@tinypic.com,Bulgaria,Male,Fortnite,80.39
49,Isaac,Silcox,41,isilcox1c@cyberchimps.com,Ukraine,Male,The Legend of Zelda: Breath of the Wild,49.55
50,Birk,Breddy,66,bbreddy1d@lulu.com,Portugal,Male,Fortnite,102.52
51,Sidonnie,Choudhury,42,schoudhury1e@wikia.com,Russia,Female,Overwatch,8.31
52,Esmaria,Cadore,68,ecadore1f@infoseek.co.jp,Azerbaijan,Female,Call of Duty: Modern Warfare,56
53,Wilden,Dubois,25,wdubois1g@mozilla.com,Thailand,Male,Call of Duty: Modern Warfare,91.55
54,Lorelle,Wixey,32,lwixey1h@chronoengine.com,France,Female,FIFA 20,141.75
55,Linzy,McLean,20,lmclean1i@about.me,Denmark,Female,Call of Duty: Modern Warfare,70.37
56,Leisha,Northey,35,lnorthey1j@wordpress.com,Croatia,Female,Minecraft,155.23
57,Augy,Yele,81,ayele1k@t.co,Portugal,Male,Overwatch,72.01
58,Mylo,Malbon,52,mmalbon1l@si.edu,Portugal,Male,FIFA 20,128.12
59,Mattias,McGonagle,19,mmcgonagle1m@scribd.com,China,Male,Overwatch,124.99
60,Hamlin,Peasnone,63,hpeasnone1n@g.co,Portugal,Male,FIFA 20,143.79
61,Dodie,Tuttle,28,dtuttle1o@chicagotribune.com,Colombia,Female,Minecraft,105.31
62,Ripley,Maha,28,rmaha1p@rakuten.co.jp,Argentina,Male,The Legend of Zelda: Breath of the Wild,133.43
63,Leslie,Dumbrill,55,ldumbrill1q@freewebs.com,Poland,Female,Grand Theft Auto V,161.53
64,Mirelle,Alford,63,malford1r@intel.com,Colombia,Female,Assassin's Creed Odyssey,93.16
65,Jilly,Grelka,27,jgrelka1s@barnesandnoble.com,Greece,Female,Super Mario Odyssey,13.67
66,Miguel,Heaseman,79,mheaseman1t@imdb.com,Bulgaria,Male,Overwatch,0.73
67,Ogdan,Antonovic,51,oantonovic1u@washington.edu,Poland,Male,Assassin's Creed Odyssey,3.82
68,Douglass,Kohrding,62,dkohrding1v@oaic.gov.au,China,Male,FIFA 20,89.22
69,Neilla,Sarah,35,nsarah1w@squidoo.com,Philippines,Female,Grand Theft Auto V,110.21
70,Gery,McRonald,48,gmcronald1x@tamu.edu,China,Male,Super Mario Odyssey,36.85
71,Mack,Minot,59,mminot1y@istockphoto.com,Egypt,Male,Assassin's Creed Odyssey,44.54
72,Carmencita,Quarles,22,cquarles1z@webeden.co.uk,Peru,Female,Minecraft,92.5
73,Boycie,Duckels,46,bduckels20@gizmodo.com,Russia,Male,Call of Duty: Modern Warfare,109.24
74,Nady,Halwill,21,nhalwill21@nbcnews.com,Norway,Female,Minecraft,20.02
75,Marlo,Conyers,62,mconyers22@usa.gov,France,Female,Call of Duty: Modern Warfare,8.67
76,Cyrill,Smallacombe,81,csmallacombe23@cmu.edu,Croatia,Male,The Legend of Zelda: Breath of the Wild,158.95
77,Maje,Blaes,34,mblaes24@artisteer.com,Poland,Male,Assassin's Creed Odyssey,52.67
78,Annetta,Shinner,32,ashinner25@spotify.com,Indonesia,Female,Minecraft,109.68
79,Horatius,Garstan,77,hgarstan26@skyrock.com,Cameroon,Male,Overwatch,165.82
80,Chastity,Haukey,19,chaukey27@cbsnews.com,Russia,Female,Minecraft,63.64
81,Arlan,Stood,62,astood28@ft.com,Iran,Male,Fortnite,15.88
82,Corri,Reeks,79,creeks29@tinypic.com,Brazil,Female,Minecraft,53.09
83,Patti,Gandrich,41,pgandrich2a@bloglines.com,South Korea,Female,Minecraft,46.31
84,Carlene,Francke,68,cfrancke2b@g.co,Thailand,Female,Fortnite,93.11
85,Edmon,Ragless,81,eragless2c@nasa.gov,Ireland,Male,Overwatch,138.29
86,Randi,Rihanek,78,rrihanek2d@unicef.org,Czech Republic,Female,Red Dead Redemption 2,152.19
87,Vannie,Fishpoole,58,vfishpoole2e@ning.com,Ukraine,Female,Super Mario Odyssey,76.38
88,Alyson,Belliard,77,abelliard2f@infoseek.co.jp,Sweden,Female,Assassin's Creed Odyssey,100.6
89,Edward,Randales,62,erandales2g@people.com.cn,Czech Republic,Male,FIFA 20,162.03
90,Brad,Siderfin,29,bsiderfin2h@over-blog.com,Indonesia,Male,Call of Duty: Modern Warfare,130.14
91,Kathy,Woolbrook,54,kwoolbrook2i@photobucket.com,Indonesia,Female,FIFA 20,145.1
92,Herman,Beggs,18,hbeggs2j@berkeley.edu,Ukraine,Male,Call of Duty: Modern Warfare,14.56
93,Oliy,aManger,61,oamanger2k@goodreads.com,China,Female,Red Dead Redemption 2,143.05
94,Faber,Switsur,48,fswitsur2l@guardian.co.uk,Argentina,Male,Grand Theft Auto V,5.58
95,Berna,Gunthorp,56,bgunthorp2m@opera.com,Japan,Female,Fortnite,150.18
96,Briggs,Gillimgham,43,bgillimgham2n@seattletimes.com,Cuba,Male,Call of Duty: Modern Warfare,159.7
97,Lorrin,Seelbach,50,lseelbach2o@paginegialle.it,Norway,Female,Minecraft,56.23
98,Grenville,McSwan,60,gmcswan2p@ycombinator.com,China,Male,Minecraft,160.35
99,Jobie,Rosendahl,64,jrosendahl2q@shareasale.com,Czech Republic,Female,Assassin's Creed Odyssey,166.45
100,Gibby,Gristhwaite,67,ggristhwaite2r@ucsd.edu,China,Male,Grand Theft Auto V,157.82
101,Jourdain,Raspel,71,jraspel2s@usda.gov,France,Male,Call of Duty: Modern Warfare,119.66
102,Park,Costell,76,pcostell2t@walmart.com,China,Male,Fortnite,85.66
103,Micki,Darte,73,mdarte2u@epa.gov,Indonesia,Female,Overwatch,48.03
104,Wald,Solomonides,21,wsolomonides2v@dedecms.com,Lesotho,Male,Assassin's Creed Odyssey,104.62
105,Andrus,Kleiner,51,akleiner2w@cnet.com,Sri Lanka,Male,Assassin's Creed Odyssey,117.78
106,Trixi,Bernardo,37,tbernardo2x@alibaba.com,Philippines,Female,The Legend of Zelda: Breath of the Wild,83.95
107,Doy,Cottu,18,dcottu2y@google.co.uk,Russia,Male,Grand Theft Auto V,19.64
108,Leola,Orniz,68,lorniz2z@github.com,France,Female,Red Dead Redemption 2,105.93
109,Kristen,Pieper,18,kpieper30@mapy.cz,China,Female,Super Mario Odyssey,141.5
110,Angeline,Lampe,70,alampe31@biblegateway.com,Russia,Female,Assassin's Creed Odyssey,126.39
111,Jeno,Woofendell,84,jwoofendell32@umn.edu,Canada,Male,Minecraft,55.9
112,Karlan,Dugget,77,kdugget33@acquirethisname.com,China,Male,Super Mario Odyssey,133.11
113,Horatio,Mack,47,hmack34@time.com,Russia,Male,Minecraft,149.9
114,Ignaz,Shorto,41,ishorto35@cocolog-nifty.com,Indonesia,Male,FIFA 20,75.74
115,Corinna,Chaff,41,cchaff36@merriam-webster.com,Pakistan,Female,Overwatch,42.9
116,Chastity,Caret,58,ccaret37@github.io,Indonesia,Female,Overwatch,95.39
117,Cointon,Farney,20,cfarney38@jigsy.com,Guatemala,Male,Assassin's Creed Odyssey,54.11
118,Germana,Hasney,18,ghasney39@sohu.com,Philippines,Female,FIFA 20,159.98
119,Vassily,Tomsa,28,vtomsa3a@economist.com,China,Male,FIFA 20,122.21
120,Galven,Fewkes,69,gfewkes3b@prlog.org,Indonesia,Male,Super Mario Odyssey,159.24
121,Dominick,Gaspard,85,dgaspard3c@mit.edu,Brazil,Male,Call of Duty: Modern Warfare,108.19
122,Chaim,Clissell,33,cclissell3d@github.com,China,Male,Call of Duty: Modern Warfare,4.76
123,Hillyer,Laity,49,hlaity3e@smugmug.com,Dominican Republic,Male,Grand Theft Auto V,45.69
124,Conrade,Garham,34,cgarham3f@ed.gov,Luxembourg,Male,Grand Theft Auto V,128.13
125,Chiarra,Osgodby,65,cosgodby3g@usnews.com,Indonesia,Female,Minecraft,27.55
126,Freemon,Jacobowits,53,fjacobowits3h@diigo.com,Poland,Male,Super Mario Odyssey,44.95
127,Karlen,Glencrosche,70,kglencrosche3i@craigslist.org,Vietnam,Female,The Legend of Zelda: Breath of the Wild,88.95
128,Jobyna,Minor,74,jminor3j@seattletimes.com,Luxembourg,Female,The Legend of Zelda: Breath of the Wild,112.29
129,Bess,Dikes,33,bdikes3k@icio.us,Sweden,Female,Overwatch,155.79
130,Ellerey,Viste,28,eviste3l@photobucket.com,France,Male,Super Mario Odyssey,88.45
131,Romona,Vairow,66,rvairow3m@fema.gov,Sweden,Female,Fortnite,50.4
132,Ewell,Waryk,30,ewaryk3n@google.com,Indonesia,Male,FIFA 20,160.92
133,Claudian,Rideout,55,crideout3o@bluehost.com,France,Male,Grand Theft Auto V,145.64
134,Hobart,Parfrey,81,hparfrey3p@storify.com,Canada,Male,Call of Duty: Modern Warfare,76.8
135,Randal,Bailie,40,rbailie3q@cdc.gov,Indonesia,Male,Super Mario Odyssey,152.88
136,Grady,Poulden,67,gpoulden3r@dailymail.co.uk,China,Male,Grand Theft Auto V,30.39
137,Kelby,Yvon,55,kyvon3s@icio.us,Russia,Male,Super Mario Odyssey,66.89
138,Esther,Di Giacomettino,22,edigiacomettino3t@tmall.com,France,Female,Grand Theft Auto V,5.95
139,Dallas,Foxten,33,dfoxten3u@smugmug.com,Philippines,Female,Grand Theft Auto V,108.69
140,Grace,Hughes,30,ghughes3v@tamu.edu,Indonesia,Male,Super Mario Odyssey,51.45
141,Broddie,Dungee,37,bdungee3w@github.io,China,Male,Minecraft,140.14
142,Armando,Marwick,45,amarwick3x@intel.com,China,Male,Super Mario Odyssey,57.01
143,Valene,Duffill,59,vduffill3y@vimeo.com,China,Female,Red Dead Redemption 2,113.42
144,Vivian,Farnon,18,vfarnon3z@webmd.com,Armenia,Female,The Legend of Zelda: Breath of the Wild,61.91
145,Nicky,Stuckley,21,nstuckley40@scribd.com,Indonesia,Male,Fortnite,138.09
146,Selma,Gobbet,48,sgobbet41@xing.com,El Salvador,Female,The Legend of Zelda: Breath of the Wild,128.42
147,Goldy,Arrington,66,garrington42@guardian.co.uk,Brazil,Female,The Legend of Zelda: Breath of the Wild,164.27
148,Jethro,Grane,62,jgrane43@google.pl,Brazil,Male,Call of Duty: Modern Warfare,66.09
149,Coleman,Caudray,34,ccaudray44@cnbc.com,Tunisia,Male,Minecraft,146.75
150,Betsy,Setch,76,bsetch45@paypal.com,China,Female,Grand Theft Auto V,118.2
151,Nannie,Files,62,nfiles46@wisc.edu,Indonesia,Female,Minecraft,132.53
152,Alphonso,Reames,26,areames47@odnoklassniki.ru,China,Male,Call of Duty: Modern Warfare,123.52
153,Ceciley,Gerriet,64,cgerriet48@newyorker.com,France,Female,Minecraft,69.13
154,Richardo,Laugharne,60,rlaugharne49@google.com.br,Benin,Male,FIFA 20,63.47
155,Oberon,Korneluk,41,okorneluk4a@boston.com,Indonesia,Male,Super Mario Odyssey,52.69
156,Lanita,Curtain,59,lcurtain4b@berkeley.edu,Indonesia,Female,Call of Duty: Modern Warfare,45.45
157,Laurens,Fassan,72,lfassan4c@npr.org,China,Male,FIFA 20,9.19
158,Aubrie,Enrrico,21,aenrrico4d@taobao.com,Brazil,Female,Assassin's Creed Odyssey,79.83
159,Florance,Parlot,52,fparlot4e@microsoft.com,France,Female,Overwatch,62.99
160,Adelheid,Brunsen,84,abrunsen4f@biblegateway.com,Ukraine,Female,The Legend of Zelda: Breath of the Wild,86.09
161,Gwenni,Paice,70,gpaice4g@ebay.com,Philippines,Female,Minecraft,131.97
162,Elinore,Beverage,82,ebeverage4h@freewebs.com,Portugal,Female,FIFA 20,164.61
163,Helyn,Reiling,78,hreiling4i@state.gov,Brazil,Female,Red Dead Redemption 2,152.67
164,Paton,Letherbury,47,pletherbury4j@dmoz.org,Philippines,Male,Super Mario Odyssey,86.16
165,Michel,Hamshaw,62,mhamshaw4k@mtv.com,Colombia,Male,Minecraft,29.85
166,Kerrin,Burberye,35,kburberye4l@tripod.com,China,Female,Fortnite,68.16
167,Cris,Rodgers,68,crodgers4m@stumbleupon.com,Israel,Female,Assassin's Creed Odyssey,105.05
168,Dody,O'Feeny,69,dofeeny4n@photobucket.com,Sweden,Female,Red Dead Redemption 2,19.27
169,Damita,Bassingden,29,dbassingden4o@theglobeandmail.com,Philippines,Female,Minecraft,48.31
170,Urbanus,Haney`,35,uhaney4p@ameblo.jp,Argentina,Male,Grand Theft Auto V,57.11
171,Fredek,Torri,79,ftorri4q@geocities.com,Poland,Male,Minecraft,51.94
172,Mina,Houseley,79,mhouseley4r@marriott.com,Philippines,Female,Assassin's Creed Odyssey,2.29
173,Kalindi,Bussy,78,kbussy4s@bluehost.com,Syria,Female,Assassin's Creed Odyssey,128.63
174,Sybil,Jovis,23,sjovis4t@dedecms.com,Indonesia,Female,Assassin's Creed Odyssey,67.71
175,Ira,Cancellor,70,icancellor4u@cornell.edu,Russia,Female,Overwatch,102.34
176,Viviyan,Garter,26,vgarter4v@adobe.com,Botswana,Female,Red Dead Redemption 2,98.13
177,Ann-marie,Anstis,81,aanstis4w@guardian.co.uk,Chad,Female,Grand Theft Auto V,15.71
178,Skylar,Penrith,24,spenrith4x@webnode.com,Argentina,Male,Super Mario Odyssey,167.52
179,Bonny,Christy,81,bchristy4y@diigo.com,United States,Female,Overwatch,92.73
180,Jephthah,Tiptaft,84,jtiptaft4z@fda.gov,Brazil,Male,Grand Theft Auto V,137.84
181,Fitz,Vyse,39,fvyse50@disqus.com,Thailand,Male,Call of Duty: Modern Warfare,38.55
182,Hortense,Rushton,27,hrushton51@plala.or.jp,Sweden,Female,Super Mario Odyssey,93.5
183,Roosevelt,Brackenridge,44,rbrackenridge52@boston.com,Ukraine,Male,Assassin's Creed Odyssey,29.38
184,Bartholemy,Michelmore,38,bmichelmore53@discuz.net,Thailand,Male,Red Dead Redemption 2,0.18
185,Gizela,Belcham,55,gbelcham54@geocities.jp,China,Female,Assassin's Creed Odyssey,93.8
186,Cordie,Bomfield,22,cbomfield55@bloglines.com,Poland,Female,Red Dead Redemption 2,85.91
187,Clarice,Cristofari,48,ccristofari56@ihg.com,Poland,Female,Super Mario Odyssey,6.57
188,Laurella,Abatelli,45,labatelli57@globo.com,United Arab Emirates,Female,Call of Duty: Modern Warfare,165.5
189,Vito,Wildes,69,vwildes58@usa.gov,Thailand,Male,Super Mario Odyssey,71.93
190,Celisse,Tregiddo,49,ctregiddo59@go.com,Morocco,Female,FIFA 20,23.79
191,Gael,Waltering,77,gwaltering5a@guardian.co.uk,Russia,Female,The Legend of Zelda: Breath of the Wild,0.03
192,Terencio,Denziloe,21,tdenziloe5b@walmart.com,Mauritius,Male,FIFA 20,56.78
193,Anet,Elner,25,aelner5c@engadget.com,China,Female,Minecraft,130.83
194,Shandra,Kirsop,82,skirsop5d@bigcartel.com,China,Female,Minecraft,68.08
195,Tamarah,Landy,68,tlandy5e@cloudflare.com,Poland,Female,FIFA 20,143.07
196,Luella,Madner,46,lmadner5f@mediafire.com,Syria,Female,FIFA 20,112.08
197,Junia,Batkin,55,jbatkin5g@cloudflare.com,Egypt,Female,Grand Theft Auto V,16.92
198,Gran,Stembridge,45,gstembridge5h@ask.com,France,Male,Assassin's Creed Odyssey,137.71
199,Ariel,Alderson,46,aalderson5i@shop-pro.jp,China,Female,Assassin's Creed Odyssey,33.66
200,Margot,Dourin,36,mdourin5j@princeton.edu,Canada,Female,Assassin's Creed Odyssey,51.49
201,Ava,Attwool,49,aattwool5k@taobao.com,South Korea,Female,Grand Theft Auto V,51.89
202,Dermot,Sandeman,36,dsandeman5l@reddit.com,China,Male,Minecraft,10.81
203,Rhett,Jobke,81,rjobke5m@prlog.org,Senegal,Male,Fortnite,81.18
204,Evanne,Greetland,43,egreetland5n@mediafire.com,Japan,Female,Call of Duty: Modern Warfare,127.79
205,Nerita,Earlam,19,nearlam5o@businessweek.com,China,Female,Assassin's Creed Odyssey,136.94
206,Sebastian,Lindores,50,slindores5p@boston.com,Indonesia,Male,Super Mario Odyssey,37.82
207,Rob,Dautry,19,rdautry5q@woothemes.com,China,Male,Assassin's Creed Odyssey,64.53
208,Tammy,Nerval,71,tnerval5r@squidoo.com,Portugal,Male,Super Mario Odyssey,94.08
209,Kain,Runciman,35,krunciman5s@usa.gov,China,Male,The Legend of Zelda: Breath of the Wild,125.58
210,Thatch,Musgrave,81,tmusgrave5t@fda.gov,Czech Republic,Male,Super Mario Odyssey,59.49
211,Elonore,Hablet,42,ehablet5u@geocities.com,Indonesia,Female,Red Dead Redemption 2,144.98
212,Reina,Fendlen,58,rfendlen5v@foxnews.com,Bolivia,Female,FIFA 20,101.63
213,Chrystel,Culligan,50,cculligan5w@foxnews.com,Indonesia,Female,Call of Duty: Modern Warfare,99
214,Kariotta,Manach,62,kmanach5x@about.me,Poland,Female,Call of Duty: Modern Warfare,32.44
215,Byrom,Silber,83,bsilber5y@home.pl,Russia,Male,Red Dead Redemption 2,88.03
216,Packston,Dinjes,73,pdinjes5z@prweb.com,Russia,Male,Call of Duty: Modern Warfare,120.72
217,Riki,Roth,63,rroth60@biglobe.ne.jp,Thailand,Female,Minecraft,124.06
218,Fabe,Nuzzti,79,fnuzzti61@typepad.com,Japan,Male,Assassin's Creed Odyssey,119.85
219,Daveen,Camelin,18,dcamelin62@wikimedia.org,Poland,Female,Overwatch,106.11
220,Amii,Halladey,24,ahalladey63@japanpost.jp,Honduras,Female,Fortnite,104.8
221,Mari,Hulme,85,mhulme64@wsj.com,Poland,Female,Minecraft,15.59
222,Roxie,Hatwell,26,rhatwell65@wordpress.com,Russia,Female,Fortnite,13.18
223,Willey,Scowen,23,wscowen66@prlog.org,Russia,Male,The Legend of Zelda: Breath of the Wild,84.29
224,Olympia,Washtell,52,owashtell67@phoca.cz,Philippines,Female,Red Dead Redemption 2,151.05
225,Anet,Benech,48,abenech68@ow.ly,Russia,Female,Assassin's Creed Odyssey,89.92
226,Lothaire,Trice,52,ltrice69@un.org,China,Male,Red Dead Redemption 2,114.34
227,Vasily,Hannum,22,vhannum6a@networkadvertising.org,Japan,Male,Grand Theft Auto V,144.4
228,Broderick,Gant,27,bgant6b@ow.ly,Thailand,Male,The Legend of Zelda: Breath of the Wild,50.43
229,Ervin,Cabane,49,ecabane6c@uiuc.edu,China,Male,Assassin's Creed Odyssey,55.9
230,Lorrie,Croll,73,lcroll6d@bloomberg.com,El Salvador,Male,Red Dead Redemption 2,121.19
231,Godiva,Duffet,70,gduffet6e@techcrunch.com,China,Female,FIFA 20,114.8
232,Corby,McMoyer,80,cmcmoyer6f@vinaora.com,China,Male,Fortnite,12.45
233,Jaime,Ricardo,35,jricardo6g@chron.com,Estonia,Male,Red Dead Redemption 2,118.89
234,Dorine,Harrinson,85,dharrinson6h@yahoo.com,Argentina,Female,Red Dead Redemption 2,82.09
235,Teador,Theuff,60,ttheuff6i@go.com,Philippines,Male,Super Mario Odyssey,12.88
236,Husain,Levane,40,hlevane6j@slideshare.net,Sweden,Male,Red Dead Redemption 2,52.31
237,Karel,McGibbon,20,kmcgibbon6k@bloglovin.com,Indonesia,Female,Call of Duty: Modern Warfare,149.67
238,Damon,Berthomieu,29,dberthomieu6l@lycos.com,Palestinian Territory,Male,Grand Theft Auto V,128.44
239,Tad,Orring,52,torring6m@timesonline.co.uk,Indonesia,Male,FIFA 20,85.88
240,Allan,Carson,61,acarson6n@furl.net,China,Male,Minecraft,50.8
241,Claire,Parlett,26,cparlett6o@xing.com,China,Female,Grand Theft Auto V,31.96
242,Werner,Jakoviljevic,43,wjakoviljevic6p@wikipedia.org,Canada,Male,Super Mario Odyssey,55.87
243,Isac,Gutsell,19,igutsell6q@chron.com,China,Male,Super Mario Odyssey,131.88
244,Johan,Kitman,54,jkitman6r@ed.gov,Indonesia,Male,Call of Duty: Modern Warfare,123.58
245,Hailee,Caldero,40,hcaldero6s@webmd.com,Zambia,Female,The Legend of Zelda: Breath of the Wild,138.34
246,Gage,Sisselot,71,gsisselot6t@europa.eu,Indonesia,Male,Minecraft,43.59
247,Roselin,Orbell,39,rorbell6u@yelp.com,France,Female,Assassin's Creed Odyssey,146.73
248,Smitty,Totman,71,stotman6v@wix.com,China,Male,The Legend of Zelda: Breath of the Wild,57.25
249,Kevin,Attwoul,36,kattwoul6w@woothemes.com,Sweden,Male,Grand Theft Auto V,132.58
250,Hort,Mildenhall,57,hmildenhall6x@networkadvertising.org,Indonesia,Male,Call of Duty: Modern Warfare,40.13
251,Reider,Ackerman,59,rackerman6y@telegraph.co.uk,Ukraine,Male,Call of Duty: Modern Warfare,127.39
252,Currie,Gershom,19,cgershom6z@unicef.org,Burundi,Male,The Legend of Zelda: Breath of the Wild,126.59
253,Bettina,Stodd,79,bstodd70@nationalgeographic.com,Philippines,Female,Call of Duty: Modern Warfare,63.25
254,Winni,Hogbourne,63,whogbourne71@pen.io,Ethiopia,Female,Super Mario Odyssey,86.56
255,Lorenzo,MacGauhy,71,lmacgauhy72@altervista.org,China,Male,Super Mario Odyssey,118.87
256,Chris,Jest,37,cjest73@thetimes.co.uk,Democratic Republic of the Congo,Female,Red Dead Redemption 2,80.72
257,Georgeta,Tatton,63,gtatton74@springer.com,China,Female,Red Dead Redemption 2,83.78
258,Pietro,Heartfield,55,pheartfield75@simplemachines.org,Philippines,Male,Red Dead Redemption 2,141.08
259,Carlyle,Cainey,79,ccainey76@nationalgeographic.com,Philippines,Male,FIFA 20,99.16
260,Pattie,Sherwyn,57,psherwyn77@baidu.com,Guatemala,Male,FIFA 20,142.89
261,Israel,Spikings,51,ispikings78@skype.com,Indonesia,Male,Grand Theft Auto V,124.3
262,Emmet,Everil,26,eeveril79@usa.gov,China,Male,Super Mario Odyssey,41.79
263,Una,Clague,35,uclague7a@redcross.org,Senegal,Female,The Legend of Zelda: Breath of the Wild,14.57
264,Alistair,Sigg,52,asigg7b@dion.ne.jp,Israel,Male,Red Dead Redemption 2,146.68
265,Brigg,Shippard,23,bshippard7c@imageshack.us,Indonesia,Male,Fortnite,22.64
266,Shalom,Averall,55,saverall7d@free.fr,Indonesia,Male,Call of Duty: Modern Warfare,31.89
267,Nevile,Leversha,47,nleversha7e@state.tx.us,Brazil,Male,Grand Theft Auto V,107.4
268,Flossy,Durker,76,fdurker7f@newyorker.com,Cameroon,Female,Grand Theft Auto V,23.74
269,Lilla,Gindghill,47,lgindghill7g@woothemes.com,Russia,Female,Super Mario Odyssey,114.1
270,Jodi,Nelsen,40,jnelsen7h@yellowbook.com,Czech Republic,Male,FIFA 20,48.96
271,Lucien,MacKissack,58,lmackissack7i@zdnet.com,China,Male,Minecraft,34.31
272,Morton,Giovannini,46,mgiovannini7j@gnu.org,China,Male,Fortnite,41.6
273,Nestor,Argont,37,nargont7k@sourceforge.net,Honduras,Male,Super Mario Odyssey,55.22
274,Margarette,Wilce,49,mwilce7l@elegantthemes.com,China,Female,Red Dead Redemption 2,128.9
275,Paddy,Sabbatier,32,psabbatier7m@networksolutions.com,Indonesia,Male,The Legend of Zelda: Breath of the Wild,43.27
276,Waylin,Letford,80,wletford7n@bloglines.com,China,Male,Super Mario Odyssey,69.03
277,Shelley,Glasson,52,sglasson7o@webs.com,Yemen,Male,Red Dead Redemption 2,33.97
278,Marleen,Booton,69,mbooton7p@tumblr.com,Portugal,Female,Minecraft,122.17
279,Isiahi,Lowles,79,ilowles7q@state.tx.us,Bolivia,Male,FIFA 20,8.39
280,Denver,Kubal,49,dkubal7r@wisc.edu,Chile,Male,Assassin's Creed Odyssey,100.15
281,Tisha,Norley,21,tnorley7s@g.co,Indonesia,Female,Assassin's Creed Odyssey,116.45
282,Bendix,Cambridge,49,bcambridge7t@devhub.com,Czech Republic,Male,Assassin's Creed Odyssey,68.74
283,Janka,Attwooll,37,jattwooll7u@reverbnation.com,Peru,Female,Grand Theft Auto V,27.01
284,Millie,Walles,60,mwalles7v@elegantthemes.com,China,Female,The Legend of Zelda: Breath of the Wild,114.57
285,Ruperto,Sayes,82,rsayes7w@4shared.com,Macedonia,Male,Super Mario Odyssey,100.91
286,Byron,Mussettini,35,bmussettini7x@hibu.com,Philippines,Male,Overwatch,109.37
287,Lemuel,Gonin,54,lgonin7y@amazon.de,China,Male,Red Dead Redemption 2,137.42
288,Tymon,Bake,36,tbake7z@wsj.com,Peru,Male,Grand Theft Auto V,81.59
289,Christoffer,Muldownie,79,cmuldownie80@tinyurl.com,Indonesia,Male,Call of Duty: Modern Warfare,128.53
290,Stephana,McGirl,56,smcgirl81@mozilla.org,Japan,Female,Fortnite,53.31
291,Godart,Castagnasso,83,gcastagnasso82@google.es,France,Male,FIFA 20,19.3
292,Bartolemo,O'Kenny,41,bokenny83@discovery.com,China,Male,The Legend of Zelda: Breath of the Wild,0.96
293,Bobbi,Lamort,49,blamort84@yandex.ru,North Korea,Female,FIFA 20,49.16
294,Nataniel,de Nore,26,ndenore85@digg.com,Slovenia,Male,FIFA 20,45.16
295,Quintus,Handrick,30,qhandrick86@springer.com,China,Male,Red Dead Redemption 2,15.26
296,Greta,Bellany,54,gbellany87@joomla.org,Uganda,Female,The Legend of Zelda: Breath of the Wild,55.07
297,Shalna,Segot,65,ssegot88@naver.com,Philippines,Female,FIFA 20,95.2
298,Emelia,Scocroft,36,escocroft89@npr.org,South Africa,Female,Minecraft,81.51
299,Arman,Elgram,47,aelgram8a@ovh.net,China,Male,Call of Duty: Modern Warfare,118.4
300,Selestina,Goff,18,sgoff8b@bbb.org,Czech Republic,Female,Red Dead Redemption 2,16.65
301,Rebecca,Dunnet,43,rdunnet8c@amazon.com,Indonesia,Female,Fortnite,138
302,Evan,Alexis,20,ealexis8d@bloglovin.com,Cuba,Male,FIFA 20,100.14
303,Erda,Luce,43,eluce8e@feedburner.com,Morocco,Female,Call of Duty: Modern Warfare,31.81
304,Mollee,Harbar,68,mharbar8f@google.com.hk,Zimbabwe,Female,Fortnite,0.78
305,Codi,Dutch,77,cdutch8g@berkeley.edu,Peru,Female,Minecraft,23.05
306,Anstice,Kiff,57,akiff8h@amazonaws.com,Sweden,Female,The Legend of Zelda: Breath of the Wild,28.91
307,Ric,Radki,41,rradki8i@harvard.edu,Dominican Republic,Male,Fortnite,44.14
308,Guthrey,Cuttings,50,gcuttings8j@diigo.com,Brazil,Male,Super Mario Odyssey,56.23
309,Armand,Batchley,78,abatchley8k@geocities.com,Germany,Male,Overwatch,65.93
310,Juliane,Scoble,51,jscoble8l@cam.ac.uk,Russia,Female,Fortnite,32.4
311,Nerita,Vieyra,43,nvieyra8m@psu.edu,Indonesia,Female,Red Dead Redemption 2,3.81
312,Dynah,Vinden,74,dvinden8n@zimbio.com,Indonesia,Female,Super Mario Odyssey,161.37
313,Courtney,Friedlos,68,cfriedlos8o@4shared.com,Portugal,Female,Call of Duty: Modern Warfare,100.04
314,Sheelagh,Polsin,31,spolsin8p@wordpress.com,Japan,Female,The Legend of Zelda: Breath of the Wild,123.01
315,Felice,Durnan,36,fdurnan8q@amazon.de,Indonesia,Male,Red Dead Redemption 2,119.5
316,Sibylla,Ibotson,21,sibotson8r@bbb.org,Pakistan,Female,Grand Theft Auto V,3.81
317,Sebastiano,Domney,45,sdomney8s@simplemachines.org,China,Male,Red Dead Redemption 2,113.14
318,Tully,Demchen,79,tdemchen8t@taobao.com,Macedonia,Male,Overwatch,74.26
319,Geno,Darben,62,gdarben8u@goo.gl,China,Male,Red Dead Redemption 2,165.75
320,Patience,Winslow,66,pwinslow8v@privacy.gov.au,China,Female,Call of Duty: Modern Warfare,93.98
321,Baudoin,Zettler,72,bzettler8w@themeforest.net,Estonia,Male,Super Mario Odyssey,81.92
322,Anastassia,Belham,78,abelham8x@meetup.com,China,Female,Minecraft,10.25
323,Liuka,Piscopello,20,lpiscopello8y@ustream.tv,Russia,Female,Assassin's Creed Odyssey,95.55
324,Jourdain,Roxburch,39,jroxburch8z@wordpress.org,France,Male,The Legend of Zelda: Breath of the Wild,14.72
325,Ransell,Phittiplace,18,rphittiplace90@people.com.cn,Czech Republic,Male,The Legend of Zelda: Breath of the Wild,81.17
326,Viole,Paddison,30,vpaddison91@creativecommons.org,Indonesia,Female,Overwatch,52.4
327,Sonny,Linford,72,slinford92@tinyurl.com,Russia,Male,Call of Duty: Modern Warfare,119.58
328,Kikelia,Gradwell,55,kgradwell93@bloglovin.com,Indonesia,Female,Super Mario Odyssey,119.3
329,Mathias,O'Looney,71,molooney94@ft.com,Philippines,Male,Red Dead Redemption 2,31.63
330,Marielle,Kingsnorth,65,mkingsnorth95@spiegel.de,Indonesia,Female,Fortnite,116.55
331,Zia,Titchmarsh,53,ztitchmarsh96@house.gov,Mexico,Female,Super Mario Odyssey,109.04
332,Merrie,Valentinetti,69,mvalentinetti97@tumblr.com,Indonesia,Female,The Legend of Zelda: Breath of the Wild,167.92
333,Benita,Rousel,36,brousel98@nbcnews.com,Vietnam,Female,Call of Duty: Modern Warfare,145.05
334,Kinna,Dionisi,28,kdionisi99@ibm.com,Canada,Female,Red Dead Redemption 2,6
335,Cherie,Cordsen,41,ccordsen9a@bing.com,China,Female,FIFA 20,15.78
336,Mira,Grouer,61,mgrouer9b@icio.us,Peru,Female,Overwatch,109.97
337,Bartlet,Houndesome,51,bhoundesome9c@mapquest.com,Portugal,Male,Red Dead Redemption 2,77.44
338,Candy,Wraxall,84,cwraxall9d@baidu.com,Portugal,Female,Red Dead Redemption 2,38.63
339,Simone,Shearston,36,sshearston9e@shinystat.com,Russia,Male,Overwatch,79.7
340,Gisela,MacFayden,79,gmacfayden9f@vk.com,Thailand,Female,Fortnite,52.38
341,Berky,Camamill,35,bcamamill9g@mashable.com,Cameroon,Male,Grand Theft Auto V,4.42
342,Sophey,Anger,29,sanger9h@constantcontact.com,Sweden,Female,The Legend of Zelda: Breath of the Wild,122.8
343,Etty,Mealiffe,73,emealiffe9i@51.la,Indonesia,Female,Grand Theft Auto V,70.3
344,Teddy,Henaughan,41,thenaughan9j@senate.gov,Vietnam,Female,FIFA 20,43.75
345,Blanch,Skate,47,bskate9k@storify.com,Mauritius,Female,FIFA 20,139.11
346,Tripp,Crees,34,tcrees9l@topsy.com,Indonesia,Male,Red Dead Redemption 2,142.11
347,Warde,Rallings,58,wrallings9m@google.com.hk,China,Male,Grand Theft Auto V,91.12
348,Jackson,Sheara,34,jsheara9n@microsoft.com,Latvia,Male,Fortnite,26.54
349,Rodina,Blaney,55,rblaney9o@wp.com,Uzbekistan,Female,Grand Theft Auto V,165
350,Verla,Martugin,85,vmartugin9p@homestead.com,Russia,Female,Grand Theft Auto V,97.71
351,Elsinore,Penn,61,epenn9q@tripadvisor.com,China,Female,Super Mario Odyssey,43.39
352,Florette,Quinnet,60,fquinnet9r@cnet.com,China,Female,Overwatch,63.01
353,Roderich,Bene,31,rbene9s@mayoclinic.com,Russia,Male,Fortnite,122.16
354,Ruddie,Burstow,21,rburstow9t@un.org,China,Male,Red Dead Redemption 2,107.21
355,Othella,Jenk,72,ojenk9u@huffingtonpost.com,Indonesia,Female,Super Mario Odyssey,69.88
356,Wat,Haydney,39,whaydney9v@last.fm,Canada,Male,Minecraft,88.16
357,Weidar,Scholes,25,wscholes9w@stumbleupon.com,Sweden,Male,Call of Duty: Modern Warfare,31.74
358,Rae,Laskey,33,rlaskey9x@symantec.com,Indonesia,Female,Overwatch,29.21
359,Gerrard,Watkiss,50,gwatkiss9y@lulu.com,Philippines,Male,Minecraft,128.42
360,Phil,Whyley,70,pwhyley9z@friendfeed.com,United States,Female,FIFA 20,16.81
361,Valry,Vernazza,80,vvernazzaa0@eventbrite.com,Peru,Female,Assassin's Creed Odyssey,82.19
362,Dusty,McMurthy,63,dmcmurthya1@ameblo.jp,Peru,Female,Fortnite,46.72
363,Gris,Meah,63,gmeaha2@mac.com,Madagascar,Male,Super Mario Odyssey,160.42
364,Agna,Ley,30,aleya3@jugem.jp,Indonesia,Female,Super Mario Odyssey,19.07
365,Corney,Radnage,18,cradnagea4@opera.com,Uganda,Male,Red Dead Redemption 2,162.28
366,Faunie,Grinin,20,fgrinina5@go.com,Germany,Female,Assassin's Creed Odyssey,85.11
367,Myrle,Chong,36,mchonga6@google.fr,Poland,Female,The Legend of Zelda: Breath of the Wild,17.67
368,Robin,Tompkinson,47,rtompkinsona7@livejournal.com,China,Female,Call of Duty: Modern Warfare,64.14
369,Walther,Garfirth,18,wgarfirtha8@e-recht24.de,Sweden,Male,Fortnite,127.15
370,Sholom,Tewkesbury.,24,stewkesburya9@ibm.com,Thailand,Male,Grand Theft Auto V,45.6
371,Glyn,Masterton,66,gmastertonaa@naver.com,China,Male,Grand Theft Auto V,27.79
372,Ly,Fowler,37,lfowlerab@mlb.com,Vietnam,Male,Overwatch,158.57
373,Colin,Lyokhin,37,clyokhinac@who.int,China,Male,Super Mario Odyssey,13.47
374,Lemmie,Ramelot,82,lramelotad@last.fm,Guatemala,Male,Grand Theft Auto V,3.45
375,Huberto,Novotna,30,hnovotnaae@mtv.com,Philippines,Male,Assassin's Creed Odyssey,64.85
376,Nevins,Alderwick,29,nalderwickaf@hubpages.com,Philippines,Male,The Legend of Zelda: Breath of the Wild,21.76
377,Ezequiel,Cabel,54,ecabelag@wunderground.com,Vietnam,Male,Grand Theft Auto V,23.64
378,Quintina,Corssen,41,qcorssenah@cnet.com,Peru,Female,Call of Duty: Modern Warfare,120.27
379,Yuma,Gerrans,52,ygerransai@deviantart.com,Latvia,Male,Assassin's Creed Odyssey,125.03
380,Amanda,Swann,26,aswannaj@wp.com,Indonesia,Female,Minecraft,55.23
381,Jereme,Schollick,50,jschollickak@elegantthemes.com,Philippines,Male,Grand Theft Auto V,50.35
382,Julietta,Prew,21,jprewal@cloudflare.com,Poland,Female,Red Dead Redemption 2,31.21
383,Leanora,McClinton,34,lmcclintonam@bravesites.com,Poland,Female,Red Dead Redemption 2,32.63
384,Gayle,Brickdale,55,gbrickdalean@scientificamerican.com,Brazil,Male,Minecraft,145.72
385,Georgy,McKeney,19,gmckeneyao@cloudflare.com,China,Male,Fortnite,53.68
386,Ophelie,Filimore,37,ofilimoreap@irs.gov,Sweden,Female,Minecraft,0.82
387,Lira,Duguid,73,lduguidaq@blogspot.com,Sweden,Female,Super Mario Odyssey,167.08
388,Dale,Eayrs,45,deayrsar@nyu.edu,Russia,Male,Assassin's Creed Odyssey,80.98
389,Sharron,Geoghegan,25,sgeogheganas@tuttocitta.it,China,Female,Grand Theft Auto V,31.85
390,Merl,Middlemass,33,mmiddlemassat@tripod.com,Tunisia,Female,The Legend of Zelda: Breath of the Wild,142.14
391,Harley,Daye,48,hdayeau@shareasale.com,Brazil,Female,Grand Theft Auto V,110.01
392,Lilias,Sokale,71,lsokaleav@webnode.com,Philippines,Female,Super Mario Odyssey,83.93
393,Karlan,Lodden,57,kloddenaw@google.fr,Indonesia,Male,Minecraft,59.11
394,Bonita,Hackforth,46,bhackforthax@yahoo.com,Indonesia,Female,Fortnite,15.85
395,Jamil,Rawles,38,jrawlesay@multiply.com,Indonesia,Male,Grand Theft Auto V,57.64
396,Nye,Colecrough,76,ncolecroughaz@about.com,France,Male,Super Mario Odyssey,135.48
397,Levy,McOwen,61,lmcowenb0@360.cn,China,Male,Super Mario Odyssey,115.8
398,Jan,Bruckent,40,jbruckentb1@upenn.edu,Indonesia,Male,Minecraft,75.51
399,Lucio,Koenraad,37,lkoenraadb2@goo.gl,China,Male,Assassin's Creed Odyssey,120.8
400,Perry,Marl,65,pmarlb3@so-net.ne.jp,Myanmar,Female,The Legend of Zelda: Breath of the Wild,167.68
401,Alisander,Margetson,35,amargetsonb4@nationalgeographic.com,South Africa,Male,Red Dead Redemption 2,79.89
402,Rees,Pomfrey,80,rpomfreyb5@tuttocitta.it,Philippines,Male,Overwatch,45.13
403,Julita,Scotney,70,jscotneyb6@opensource.org,Colombia,Female,Assassin's Creed Odyssey,91.72
404,Nye,Waterstone,38,nwaterstoneb7@latimes.com,Yemen,Male,FIFA 20,66.97
405,Miguel,Henrionot,66,mhenrionotb8@reverbnation.com,Indonesia,Male,Overwatch,166.06
406,Cordey,Measham,75,cmeashamb9@berkeley.edu,France,Female,Overwatch,50.81
407,Mano,Kluss,73,mklussba@addtoany.com,Sweden,Male,Grand Theft Auto V,29.07
408,Philippe,Purveys,35,ppurveysbb@vinaora.com,Portugal,Female,Red Dead Redemption 2,13.19
409,Hewitt,Davidowich,39,hdavidowichbc@sourceforge.net,China,Male,Call of Duty: Modern Warfare,8.23
410,Antonio,Kauble,54,akaublebd@samsung.com,China,Male,Fortnite,142.37
411,Calypso,Gabel,53,cgabelbe@boston.com,Sweden,Female,Call of Duty: Modern Warfare,17.18
412,Brantley,Bunnell,67,bbunnellbf@eepurl.com,Albania,Male,Call of Duty: Modern Warfare,133.96
413,Naomi,McDyer,65,nmcdyerbg@tripod.com,Canada,Female,Assassin's Creed Odyssey,128.05
414,Damian,Cogin,37,dcoginbh@about.me,Brazil,Male,Super Mario Odyssey,86.22
415,Brock,Castell,82,bcastellbi@macromedia.com,Russia,Male,Assassin's Creed Odyssey,6.54
416,Ellissa,Bunyan,83,ebunyanbj@homestead.com,Brazil,Female,Super Mario Odyssey,120.29
417,Yuri,Huster,49,yhusterbk@uiuc.edu,Ukraine,Male,Call of Duty: Modern Warfare,14.42
418,Cullan,Luby,77,clubybl@godaddy.com,Albania,Male,Red Dead Redemption 2,75.01
419,Far,Sixsmith,78,fsixsmithbm@vk.com,China,Male,Red Dead Redemption 2,28.07
420,Maryjo,Alyonov,54,malyonovbn@geocities.jp,Zambia,Female,Minecraft,147.99
421,Rolph,Vasler,20,rvaslerbo@altervista.org,China,Male,FIFA 20,68.65
422,Claudianus,Doncom,25,cdoncombp@ycombinator.com,China,Male,Fortnite,24.95
423,Cassandre,Veelers,44,cveelersbq@economist.com,China,Female,The Legend of Zelda: Breath of the Wild,5.76
424,Lorrayne,Steade,19,lsteadebr@facebook.com,Canada,Female,Overwatch,75.33
425,Sanders,Iannelli,67,siannellibs@usatoday.com,Indonesia,Male,Minecraft,161.18
426,Adolpho,Fiander,41,afianderbt@cam.ac.uk,Philippines,Male,Super Mario Odyssey,146.39
427,Randa,Symson,50,rsymsonbu@gizmodo.com,Tajikistan,Female,Red Dead Redemption 2,137.95
428,Theo,Gatchell,59,tgatchellbv@house.gov,China,Female,Fortnite,28.48
429,Sylvester,Bigglestone,69,sbigglestonebw@creativecommons.org,Belarus,Male,Red Dead Redemption 2,131.93
430,Nicolai,Worsom,58,nworsombx@geocities.jp,Brazil,Male,FIFA 20,131.17
431,Stanly,Housden,40,shousdenby@ow.ly,Portugal,Male,Minecraft,146.94
432,Dixie,Santora,18,dsantorabz@timesonline.co.uk,Russia,Female,FIFA 20,123.51
433,Gallagher,Clemmensen,53,gclemmensenc0@clickbank.net,China,Male,Red Dead Redemption 2,69.5
434,Tallia,Goch,75,tgochc1@g.co,China,Female,Assassin's Creed Odyssey,71.68
435,Lorrin,Giraudot,32,lgiraudotc2@dedecms.com,Bosnia and Herzegovina,Female,Red Dead Redemption 2,131.78
436,Petr,Guidera,49,pguiderac3@people.com.cn,China,Male,Assassin's Creed Odyssey,33.97
437,Towney,Kyncl,50,tkynclc4@shutterfly.com,Philippines,Male,Assassin's Creed Odyssey,123.3
438,Zorine,Livings,68,zlivingsc5@google.com.hk,Zambia,Female,Overwatch,111.28
439,Frazer,Yearron,78,fyearronc6@europa.eu,Brazil,Male,FIFA 20,113.38
440,Lynea,Maykin,53,lmaykinc7@amazon.co.uk,Russia,Female,Grand Theft Auto V,157.52
441,Lorianne,De Dei,85,ldedeic8@umich.edu,China,Female,Red Dead Redemption 2,79.18
442,Birgit,MacKim,60,bmackimc9@huffingtonpost.com,Portugal,Female,Grand Theft Auto V,132.85
443,Franny,Chestle,51,fchestleca@diigo.com,East Timor,Female,Red Dead Redemption 2,0.88
444,Eve,Wigley,73,ewigleycb@washington.edu,Bulgaria,Female,Call of Duty: Modern Warfare,36.53
445,Erwin,Winteringham,82,ewinteringhamcc@webnode.com,Russia,Male,FIFA 20,11.18
446,Stavros,Wauchope,66,swauchopecd@tripadvisor.com,Madagascar,Male,The Legend of Zelda: Breath of the Wild,54.42
447,Freedman,Moy,44,fmoyce@unicef.org,Cameroon,Male,Assassin's Creed Odyssey,77.2
448,Gabbey,Cuckoo,44,gcuckoocf@gov.uk,Ukraine,Female,Red Dead Redemption 2,142.06
449,Sarajane,de Zamora,75,sdezamoracg@163.com,Peru,Female,Super Mario Odyssey,109.33
450,Roddie,Russ,23,rrussch@washington.edu,China,Male,Call of Duty: Modern Warfare,131.25
451,Nikolaos,Cully,31,ncullyci@house.gov,United States,Male,Overwatch,58.62
452,Danila,Halden,57,dhaldencj@netlog.com,Colombia,Female,Fortnite,39.75
453,Klemens,Hayford,63,khayfordck@bigcartel.com,Russia,Male,Minecraft,74.04
454,Gregorio,Ratie,18,gratiecl@hostgator.com,Thailand,Male,Assassin's Creed Odyssey,42.9
455,Vivyan,Elwell,43,velwellcm@yahoo.com,Czech Republic,Female,Super Mario Odyssey,111.63
456,Berty,Clulow,21,bclulowcn@furl.net,Guam,Male,Fortnite,85.41
457,Law,Kupka,58,lkupkaco@deliciousdays.com,China,Male,Super Mario Odyssey,99.97
458,Lea,Marsay,78,lmarsaycp@last.fm,Greece,Female,FIFA 20,106.03
459,Ulick,McKinna,43,umckinnacq@google.com.au,Brazil,Male,Grand Theft Auto V,63.74
460,Andrea,Savill,18,asavillcr@cbslocal.com,Russia,Male,Overwatch,146.36
461,Dani,Varley,54,dvarleycs@over-blog.com,Indonesia,Male,The Legend of Zelda: Breath of the Wild,66.97
462,Von,Grainger,18,vgraingerct@huffingtonpost.com,Philippines,Male,Call of Duty: Modern Warfare,103.1
463,Bradford,Matveichev,47,bmatveichevcu@ovh.net,Madagascar,Male,Super Mario Odyssey,161.71
464,Roseanna,Nutbean,47,rnutbeancv@clickbank.net,Kazakhstan,Female,Overwatch,124.55
465,Daveta,Naire,76,dnairecw@gnu.org,China,Female,Grand Theft Auto V,112.81
466,Kelcy,Arnaudon,30,karnaudoncx@163.com,Slovenia,Female,The Legend of Zelda: Breath of the Wild,115.88
467,Aaren,Shenton,29,ashentoncy@nsw.gov.au,Vietnam,Female,Minecraft,92.89
468,Barbette,Elintune,23,belintunecz@independent.co.uk,Morocco,Female,Super Mario Odyssey,81.19
469,Maurie,Cutten,29,mcuttend0@wsj.com,Japan,Male,Assassin's Creed Odyssey,68.15
470,Blinny,Troker,27,btrokerd1@arizona.edu,Serbia,Female,Red Dead Redemption 2,89.72
471,Nobe,Wisniewski,55,nwisniewskid2@apple.com,Russia,Male,FIFA 20,74.05
472,Catha,Amsberger,40,camsbergerd3@addtoany.com,China,Female,The Legend of Zelda: Breath of the Wild,72.21
473,Rey,Gilhool,37,rgilhoold4@barnesandnoble.com,Russia,Male,Assassin's Creed Odyssey,27.24
474,Cairistiona,Tomik,80,ctomikd5@51.la,Indonesia,Female,FIFA 20,71.32
475,Zak,Legrice,68,zlegriced6@cafepress.com,China,Male,Minecraft,124.49
476,Franciskus,Farncomb,56,ffarncombd7@sourceforge.net,Indonesia,Male,Super Mario Odyssey,99.11
477,Hugues,Arbuckel,43,harbuckeld8@usgs.gov,Poland,Male,Minecraft,23.74
478,Kendrick,Lahive,24,klahived9@phpbb.com,Chad,Male,The Legend of Zelda: Breath of the Wild,47.32
479,Gabriel,Berrey,74,gberreyda@angelfire.com,Dominican Republic,Male,Call of Duty: Modern Warfare,121.41
480,Lind,Hyde-Chambers,70,lhydechambersdb@japanpost.jp,Czech Republic,Male,Red Dead Redemption 2,126.84
481,Dee,Asling,62,daslingdc@goodreads.com,Indonesia,Female,Super Mario Odyssey,132.98
482,Marie-jeanne,Vince,30,mvincedd@wp.com,Nigeria,Female,Overwatch,9.66
483,Shelagh,Skeen,42,sskeende@nih.gov,Philippines,Female,Minecraft,137.22
484,Sella,Pigeram,21,spigeramdf@pagesperso-orange.fr,Bolivia,Female,Grand Theft Auto V,105.29
485,Ado,Silly,52,asillydg@flavors.me,Iran,Male,Minecraft,49.38
486,Marilee,Huscroft,28,mhuscroftdh@youtu.be,Brazil,Female,Grand Theft Auto V,87.58
487,Marlowe,Shenfish,34,mshenfishdi@freewebs.com,Sweden,Male,Fortnite,0.69
488,Tadd,Gostick,25,tgostickdj@elpais.com,Peru,Male,Call of Duty: Modern Warfare,56.47
489,Corey,Waldrum,68,cwaldrumdk@ycombinator.com,Ukraine,Male,Super Mario Odyssey,59.51
490,Freddie,Gouny,54,fgounydl@livejournal.com,France,Male,Red Dead Redemption 2,8.8
491,Clari,Scemp,27,cscempdm@newyorker.com,Sweden,Female,Red Dead Redemption 2,13.81
492,Orbadiah,O' Scallan,47,ooscallandn@over-blog.com,China,Male,Super Mario Odyssey,140.08
493,Arvie,Gentric,23,agentricdo@cam.ac.uk,Japan,Male,The Legend of Zelda: Breath of the Wild,71.63
494,Mickie,Blague,57,mblaguedp@histats.com,Slovenia,Male,Red Dead Redemption 2,157.48
495,Marga,Cullinan,76,mcullinandq@fda.gov,United States,Female,Red Dead Redemption 2,80.72
496,Stephan,Birkwood,80,sbirkwooddr@latimes.com,Philippines,Male,Red Dead Redemption 2,4.77
497,Krysta,Height,68,kheightds@sciencedaily.com,Vietnam,Female,Call of Duty: Modern Warfare,114.19
498,Cary,Chinge,29,cchingedt@theguardian.com,Ukraine,Female,Assassin's Creed Odyssey,107.07
499,Rhea,Britland,44,rbritlanddu@nsw.gov.au,Austria,Female,Fortnite,75.56
500,Evin,Fendlen,22,efendlendv@myspace.com,China,Male,FIFA 20,51.33
501,Amby,Lorne,43,alornedw@elegantthemes.com,Philippines,Male,Assassin's Creed Odyssey,122.69
502,Salvidor,Warlton,83,swarltondx@webnode.com,Syria,Male,Fortnite,108.13
503,Ruben,Rawson,46,rrawsondy@lulu.com,Philippines,Male,Fortnite,59.02
504,Kerstin,Bernath,66,kbernathdz@reddit.com,Indonesia,Female,Assassin's Creed Odyssey,166.75
505,Dario,Hess,68,dhesse0@prlog.org,China,Male,Overwatch,135.89
506,Tomasine,Doyland,53,tdoylande1@craigslist.org,China,Female,Call of Duty: Modern Warfare,33.03
507,Buffy,Arundale,20,barundalee2@weather.com,Sweden,Female,FIFA 20,78.07
508,Paule,Caslane,66,pcaslanee3@buzzfeed.com,Indonesia,Female,Call of Duty: Modern Warfare,80.93
509,Mischa,Rolfs,48,mrolfse4@slate.com,Sri Lanka,Male,Assassin's Creed Odyssey,134.08
510,Donavon,Mansel,20,dmansele5@360.cn,Sweden,Male,The Legend of Zelda: Breath of the Wild,80.01
511,Alana,Craigg,73,acraigge6@indiegogo.com,Indonesia,Female,Super Mario Odyssey,124.73
512,Khalil,Thoma,28,kthomae7@wikia.com,Albania,Male,Call of Duty: Modern Warfare,5.42
513,Sile,Sidnall,68,ssidnalle8@go.com,Japan,Female,Minecraft,91.14
514,Katlin,Milksop,41,kmilksope9@ted.com,Samoa,Female,Red Dead Redemption 2,158.31
515,Anallise,Piell,75,apiellea@buzzfeed.com,France,Female,Overwatch,107.2
516,Blane,Fairbrace,47,bfairbraceeb@zimbio.com,Syria,Male,Call of Duty: Modern Warfare,100.04
517,Issi,Kydde,66,ikyddeec@kickstarter.com,China,Female,Call of Duty: Modern Warfare,63.07
518,Wylie,Wholesworth,59,wwholesworthed@mail.ru,Brazil,Male,Overwatch,74.89
519,Garrard,Vannoort,42,gvannoortee@1688.com,Tajikistan,Male,Super Mario Odyssey,34.07
520,Ulrick,Frogley,33,ufrogleyef@cnn.com,Ukraine,Male,Super Mario Odyssey,142.36
521,Enrichetta,Jearum,80,ejearumeg@tamu.edu,Poland,Female,FIFA 20,96.73
522,Palmer,Ouchterlony,40,pouchterlonyeh@godaddy.com,Turkey,Male,Grand Theft Auto V,124.97
523,Tedd,Waldren,33,twaldrenei@hostgator.com,Serbia,Male,Overwatch,9.85
524,Matilde,Gwilym,68,mgwilymej@51.la,Indonesia,Female,Red Dead Redemption 2,135.78
525,Bess,Tomaschke,71,btomaschkeek@aol.com,Thailand,Female,Super Mario Odyssey,105.72
526,Rock,Bosward,36,rboswardel@over-blog.com,Indonesia,Male,Grand Theft Auto V,159.83
527,Basilius,Basnett,28,bbasnettem@twitter.com,Indonesia,Male,Fortnite,85.08
528,Boniface,Longthorne,59,blongthorneen@twitter.com,China,Male,Fortnite,88.56
529,Harcourt,Maffia,54,hmaffiaeo@phoca.cz,Indonesia,Male,Super Mario Odyssey,161.87
530,Filippa,Tredget,77,ftredgetep@acquirethisname.com,Argentina,Female,Red Dead Redemption 2,75.92
531,Hymie,Stille,82,hstilleeq@yahoo.co.jp,United States,Male,Super Mario Odyssey,69.05
532,Marijo,Oley,65,moleyer@g.co,Indonesia,Female,FIFA 20,123.79
533,Cleve,Murrish,79,cmurrishes@miitbeian.gov.cn,Portugal,Male,Assassin's Creed Odyssey,114.13
534,Flossy,Belhome,49,fbelhomeet@usgs.gov,China,Female,Minecraft,108.04
535,Boyce,MacClure,38,bmacclureeu@ask.com,United States,Male,Fortnite,40.93
536,Mendie,Sucre,55,msucreev@eepurl.com,China,Male,The Legend of Zelda: Breath of the Wild,56.91
537,Casi,Claypoole,23,cclaypooleew@wunderground.com,Spain,Female,FIFA 20,51.39
538,Killy,Bailie,70,kbailieex@uiuc.edu,Sweden,Male,Assassin's Creed Odyssey,120.37
539,Margaux,Barribal,55,mbarribaley@aboutads.info,Sweden,Female,Fortnite,163.75
540,Holly,Ivashechkin,27,hivashechkinez@biblegateway.com,Indonesia,Male,Fortnite,71.97
541,Jermayne,Wileman,23,jwilemanf0@vk.com,Russia,Male,Red Dead Redemption 2,93.82
542,Marnia,Astling,77,mastlingf1@delicious.com,Indonesia,Female,Minecraft,69.64
543,Lynnette,Lennarde,79,llennardef2@auda.org.au,China,Female,The Legend of Zelda: Breath of the Wild,49.95
544,Bertina,Wheeliker,41,bwheelikerf3@wix.com,China,Female,Minecraft,49.78
545,Arch,Tibalt,62,atibaltf4@homestead.com,Poland,Male,The Legend of Zelda: Breath of the Wild,159.96
546,Randolf,Lawther,68,rlawtherf5@oaic.gov.au,Iran,Male,Red Dead Redemption 2,72.23
547,Silvanus,Dzeniskevich,63,sdzeniskevichf6@g.co,Russia,Male,Grand Theft Auto V,25.71
548,Lydon,Kyne,56,lkynef7@rambler.ru,China,Male,Red Dead Redemption 2,25.93
549,Valencia,Samsworth,63,vsamsworthf8@tuttocitta.it,United States,Female,Call of Duty: Modern Warfare,159.34
550,Karalynn,Damiral,42,kdamiralf9@bloomberg.com,Sweden,Female,Call of Duty: Modern Warfare,70.09
551,Bondy,Gunda,66,bgundafa@example.com,Portugal,Male,Fortnite,106.25
552,Wileen,Alway,81,walwayfb@geocities.com,Sweden,Female,Grand Theft Auto V,23.28
553,Loise,Pettican,62,lpetticanfc@flavors.me,Kenya,Female,Minecraft,107.18
554,Quinn,Dabell,26,qdabellfd@zdnet.com,France,Male,Red Dead Redemption 2,93.17
555,Hernando,Terris,22,hterrisfe@noaa.gov,Indonesia,Male,Call of Duty: Modern Warfare,32.83
556,Clare,Dusting,84,cdustingff@ow.ly,China,Male,Minecraft,141.3
557,Any,Antram,60,aantramfg@facebook.com,Russia,Male,The Legend of Zelda: Breath of the Wild,83.07
558,Jordan,Davidesco,25,jdavidescofh@aol.com,Indonesia,Male,FIFA 20,14.58
559,Theo,Dalling,43,tdallingfi@weather.com,Serbia,Female,Super Mario Odyssey,88.23
560,Launce,Wressell,71,lwressellfj@gravatar.com,China,Male,Call of Duty: Modern Warfare,15.78
561,Darb,Workman,50,dworkmanfk@berkeley.edu,Russia,Male,Grand Theft Auto V,86.57
562,Thedric,Crome,82,tcromefl@ustream.tv,China,Male,Super Mario Odyssey,154.61
563,Edi,Impy,38,eimpyfm@qq.com,Indonesia,Female,The Legend of Zelda: Breath of the Wild,155.92
564,Zora,Hendron,60,zhendronfn@disqus.com,Albania,Female,Fortnite,65.44
565,Allistir,Skully,25,askullyfo@forbes.com,China,Male,Assassin's Creed Odyssey,66.16
566,Marna,Vicent,63,mvicentfp@theglobeandmail.com,Brazil,Female,Assassin's Creed Odyssey,54.12
567,Stacie,Frenzl,66,sfrenzlfq@bizjournals.com,China,Female,Red Dead Redemption 2,136.04
568,Ashil,Pellett,64,apellettfr@plala.or.jp,Indonesia,Female,The Legend of Zelda: Breath of the Wild,105.96
569,Dyann,Greenlies,31,dgreenliesfs@squarespace.com,Syria,Female,Call of Duty: Modern Warfare,30.07
570,Liesa,Mansfield,57,lmansfieldft@va.gov,United States,Female,Assassin's Creed Odyssey,166.44
571,Harley,Andrusov,61,handrusovfu@uiuc.edu,Colombia,Male,Super Mario Odyssey,74.24
572,Sascha,Kembley,48,skembleyfv@army.mil,Russia,Female,Super Mario Odyssey,32.9
573,Lurline,Werrit,61,lwerritfw@blinklist.com,China,Female,Fortnite,62.5
574,John,Trethowan,20,jtrethowanfx@rakuten.co.jp,Bolivia,Male,FIFA 20,15.45
575,Cordi,Jauncey,80,cjaunceyfy@webs.com,Peru,Female,Grand Theft Auto V,126.25
576,Aeriela,Tomas,81,atomasfz@ucsd.edu,Indonesia,Female,FIFA 20,97.85
577,Ulberto,Bonome,33,ubonomeg0@mlb.com,Spain,Male,Fortnite,92.84
578,Cornela,Feldhorn,23,cfeldhorng1@mozilla.org,Indonesia,Female,FIFA 20,156.57
579,Renata,Butterick,35,rbutterickg2@time.com,Maldives,Female,Super Mario Odyssey,62.74
580,Ginelle,Shovelin,23,gshoveling3@senate.gov,Sweden,Female,Assassin's Creed Odyssey,159.38
581,Binny,Dugmore,58,bdugmoreg4@tiny.cc,France,Female,The Legend of Zelda: Breath of the Wild,26.37
582,Rudolfo,Begley,51,rbegleyg5@symantec.com,Argentina,Male,Call of Duty: Modern Warfare,19.51
583,Andra,Gradwell,45,agradwellg6@canalblog.com,Russia,Female,Fortnite,49.27
584,Flori,di Rocca,78,fdiroccag7@lulu.com,China,Female,The Legend of Zelda: Breath of the Wild,136.17
585,Anabelle,Muschette,19,amuschetteg8@cbslocal.com,Russia,Female,FIFA 20,160.24
586,Kerry,Lent,29,klentg9@oaic.gov.au,Denmark,Male,Super Mario Odyssey,104.71
587,Teodor,Chaize,36,tchaizega@nba.com,China,Male,Call of Duty: Modern Warfare,73.96
588,Hagan,Glidder,54,hgliddergb@domainmarket.com,Philippines,Male,Super Mario Odyssey,84.09
589,Carly,Shord,22,cshordgc@netvibes.com,Cuba,Male,Fortnite,130.17
590,Jasun,Hulse,31,jhulsegd@goodreads.com,Sweden,Male,Grand Theft Auto V,153.23
591,Hilary,McVeigh,72,hmcveighge@storify.com,China,Male,Call of Duty: Modern Warfare,5.93
592,Doyle,Guiduzzi,26,dguiduzzigf@bizjournals.com,Sierra Leone,Male,The Legend of Zelda: Breath of the Wild,121.42
593,Ophelia,Aucock,38,oaucockgg@studiopress.com,China,Female,Grand Theft Auto V,113.05
594,Drona,Brent,83,dbrentgh@huffingtonpost.com,Azerbaijan,Female,Grand Theft Auto V,42.53
595,Payton,Waberer,25,pwaberergi@walmart.com,Denmark,Male,Super Mario Odyssey,52.99
596,Raoul,Janicijevic,36,rjanicijevicgj@netlog.com,Croatia,Male,FIFA 20,14.91
597,Rina,Antram,42,rantramgk@altervista.org,China,Female,Super Mario Odyssey,118.9
598,Wylie,Eliyahu,54,weliyahugl@reference.com,Portugal,Male,Minecraft,156.93
599,Cortney,Beagen,29,cbeagengm@jimdo.com,China,Female,The Legend of Zelda: Breath of the Wild,74.92
600,Betta,McKeevers,72,bmckeeversgn@squarespace.com,Indonesia,Female,Fortnite,102.58
601,Meier,Reeks,51,mreeksgo@tumblr.com,China,Male,The Legend of Zelda: Breath of the Wild,12.33
602,Teressa,Hiorn,57,thiorngp@parallels.com,China,Female,The Legend of Zelda: Breath of the Wild,79.26
603,Demetris,Cheasman,45,dcheasmangq@jiathis.com,Sweden,Female,Assassin's Creed Odyssey,149.26
604,Vanni,Mosen,36,vmosengr@ebay.com,China,Female,FIFA 20,160.31
605,Randal,Tearney,46,rtearneygs@amazon.co.jp,Iran,Male,Overwatch,8.82
606,Marten,Gohier,36,mgohiergt@geocities.com,Ukraine,Male,Overwatch,74.41
607,Agathe,Otson,69,aotsongu@indiatimes.com,Albania,Female,The Legend of Zelda: Breath of the Wild,78.54
608,Kalie,Rosander,31,krosandergv@360.cn,Portugal,Female,Fortnite,31.55
609,Douglas,Benkhe,42,dbenkhegw@howstuffworks.com,New Zealand,Male,Overwatch,117.18
610,Buiron,Juleff,64,bjuleffgx@wisc.edu,Poland,Male,Overwatch,10.19
611,Ives,Holleran,79,ihollerangy@twitpic.com,Indonesia,Male,Grand Theft Auto V,77.77
612,Reagen,Goucher,75,rgouchergz@ihg.com,China,Male,FIFA 20,10.72
613,Aubry,Moneti,70,amonetih0@hud.gov,France,Female,The Legend of Zelda: Breath of the Wild,51.88
614,Caryl,Millwater,70,cmillwaterh1@economist.com,United States,Male,Fortnite,94.06
615,Worthy,MacIllrick,29,wmacillrickh2@hubpages.com,China,Male,Super Mario Odyssey,130.08
616,Robbert,Hazell,67,rhazellh3@parallels.com,Spain,Male,The Legend of Zelda: Breath of the Wild,95.62
617,Marc,Brinicombe,84,mbrinicombeh4@usda.gov,France,Male,Overwatch,13.31
618,Maressa,Longo,75,mlongoh5@google.co.uk,Peru,Female,Overwatch,33.58
619,Egbert,Noller,34,enollerh6@walmart.com,Brazil,Male,Grand Theft Auto V,30.7
620,Mandy,McClymont,29,mmcclymonth7@alibaba.com,Czech Republic,Female,Super Mario Odyssey,23.29
621,Amabel,Bisgrove,27,abisgroveh8@webeden.co.uk,Greece,Female,Super Mario Odyssey,48.69
622,Gilbert,Mace,19,gmaceh9@twitpic.com,Russia,Male,Fortnite,3.74
623,Garv,Mosedall,51,gmosedallha@yahoo.com,Germany,Male,Super Mario Odyssey,151.99
624,Mahmoud,Rolfo,54,mrolfohb@hostgator.com,China,Male,Red Dead Redemption 2,135.88
625,Lydie,Kilgour,77,lkilgourhc@google.co.uk,China,Female,Red Dead Redemption 2,73.37
626,Star,Dace,21,sdacehd@privacy.gov.au,Indonesia,Female,Minecraft,137.44
627,Burr,Clinton,85,bclintonhe@wunderground.com,Poland,Male,Minecraft,107.04
628,Lindy,Adenot,69,ladenothf@gizmodo.com,Indonesia,Female,Super Mario Odyssey,100.54
629,Clem,Mence,21,cmencehg@washingtonpost.com,Jamaica,Male,Grand Theft Auto V,32.76
630,Berkie,Houtbie,31,bhoutbiehh@blog.com,Russia,Male,The Legend of Zelda: Breath of the Wild,96.54
631,Jaynell,Hug,31,jhughi@multiply.com,China,Female,Fortnite,4.6
632,Vidovik,Dumbare,57,vdumbarehj@weather.com,Russia,Male,Overwatch,129
633,Natale,Tweddell,18,ntweddellhk@princeton.edu,Vietnam,Male,Grand Theft Auto V,38.55
634,Geri,Shortan,38,gshortanhl@opensource.org,Nigeria,Female,Assassin's Creed Odyssey,125.03
635,Bree,Zylbermann,64,bzylbermannhm@amazon.co.jp,China,Female,Call of Duty: Modern Warfare,153.25
636,Sibyl,Vaisey,82,svaiseyhn@bandcamp.com,China,Female,Call of Duty: Modern Warfare,35.96
637,Hirsch,Koppke,42,hkoppkeho@clickbank.net,China,Male,Red Dead Redemption 2,139.93
638,Chevalier,Fabbro,39,cfabbrohp@domainmarket.com,France,Male,Fortnite,45.6
639,Charlton,Burtenshaw,80,cburtenshawhq@live.com,China,Male,Fortnite,105.59
640,Clementine,Bruyns,77,cbruynshr@webnode.com,Russia,Female,Call of Duty: Modern Warfare,0.4
641,Jacquie,Ferreiro,25,jferreirohs@chron.com,Peru,Female,The Legend of Zelda: Breath of the Wild,82.16
642,Brinna,Bliss,72,bblissht@quantcast.com,Montenegro,Female,Minecraft,81.24
643,Edgar,Lowne,74,elownehu@netvibes.com,Philippines,Male,Assassin's Creed Odyssey,164.4
644,Ninette,Bordessa,56,nbordessahv@umich.edu,Indonesia,Female,Call of Duty: Modern Warfare,156.44
645,Giorgi,Blowick,32,gblowickhw@yahoo.com,Philippines,Male,FIFA 20,81.12
646,Randi,Local,25,rlocalhx@hugedomains.com,Portugal,Male,Overwatch,47.75
647,Dalston,Cheesman,77,dcheesmanhy@engadget.com,Indonesia,Male,Super Mario Odyssey,103.05
648,Joycelin,Hiddersley,53,jhiddersleyhz@jugem.jp,Russia,Female,Call of Duty: Modern Warfare,140.23
649,Gaylord,Bwy,55,gbwyi0@163.com,Portugal,Male,Overwatch,25.5
650,Cooper,Gillet,22,cgilleti1@homestead.com,Sweden,Male,The Legend of Zelda: Breath of the Wild,57.95
651,Wendie,Hedgeman,51,whedgemani2@toplist.cz,Czech Republic,Female,Red Dead Redemption 2,103.95
652,Florie,Rishworth,85,frishworthi3@alibaba.com,Venezuela,Female,Call of Duty: Modern Warfare,39.68
653,Helena,Birdsall,28,hbirdsalli4@canalblog.com,China,Female,Overwatch,14.07
654,Hatty,Noar,72,hnoari5@wordpress.com,Mexico,Female,Red Dead Redemption 2,72.2
655,Kerby,McLagan,76,kmclagani6@typepad.com,Philippines,Male,FIFA 20,65.06
656,Mateo,Sumshon,32,msumshoni7@instagram.com,China,Male,Call of Duty: Modern Warfare,93.19
657,Alfie,Stolli,48,astollii8@marriott.com,China,Male,Red Dead Redemption 2,100.99
658,Pascal,Meiner,84,pmeineri9@ucla.edu,Argentina,Male,FIFA 20,24.83
659,Mischa,Boissier,85,mboissieria@epa.gov,China,Male,Assassin's Creed Odyssey,104.08
660,Derrick,Lillecrop,40,dlillecropib@bluehost.com,Indonesia,Male,Super Mario Odyssey,56.21
661,Hamilton,Menloe,22,hmenloeic@economist.com,Reunion,Male,Call of Duty: Modern Warfare,44.04
662,Amory,Chadderton,37,achaddertonid@discovery.com,Philippines,Male,Fortnite,147.82
663,Moira,Sykes,30,msykesie@virginia.edu,Nicaragua,Female,Super Mario Odyssey,88.17
664,Poul,Cyson,30,pcysonif@theatlantic.com,France,Male,FIFA 20,17.24
665,Stanford,Wilcinskis,80,swilcinskisig@ovh.net,Sweden,Male,Assassin's Creed Odyssey,138.73
666,Georgine,Pellew,28,gpellewih@livejournal.com,Madagascar,Female,The Legend of Zelda: Breath of the Wild,74.81
667,Bertina,O'Doogan,68,bodooganii@youku.com,Indonesia,Female,Grand Theft Auto V,40.5
668,Jaclin,Elphee,18,jelpheeij@pcworld.com,China,Female,Call of Duty: Modern Warfare,4.1
669,Kingsly,Fallens,22,kfallensik@gravatar.com,Brazil,Male,FIFA 20,84.43
670,Staffard,Jocelyn,73,sjocelynil@gov.uk,Russia,Male,Call of Duty: Modern Warfare,93.87
671,Roth,Leggon,20,rleggonim@rediff.com,Philippines,Male,FIFA 20,158.35
672,Anett,Reach,72,areachin@bloglines.com,France,Female,Grand Theft Auto V,25.72
673,Sunny,Rayment,38,sraymentio@netlog.com,Philippines,Male,Red Dead Redemption 2,135.79
674,Allyce,Bendixen,63,abendixenip@cocolog-nifty.com,Peru,Female,Assassin's Creed Odyssey,165.02
675,Judah,Canter,80,jcanteriq@behance.net,Philippines,Male,Fortnite,167.15
676,Danila,Rhoades,55,drhoadesir@delicious.com,Nepal,Female,The Legend of Zelda: Breath of the Wild,111.21
677,Dalis,Zmitrichenko,33,dzmitrichenkois@prweb.com,Indonesia,Male,Minecraft,157.38
678,Timotheus,Godart,58,tgodartit@pinterest.com,Peru,Male,Call of Duty: Modern Warfare,165.28
679,Silvio,Poltone,53,spoltoneiu@bloomberg.com,Guatemala,Male,Minecraft,93.07
680,Harriott,Behne,80,hbehneiv@mysql.com,China,Female,Fortnite,60.05
681,Johnny,Pinsent,31,jpinsentiw@census.gov,Philippines,Male,Super Mario Odyssey,104.98
682,Bill,Jakobsson,25,bjakobssonix@miitbeian.gov.cn,China,Male,Red Dead Redemption 2,122.19
683,Normie,Gartell,36,ngartelliy@dailymail.co.uk,Indonesia,Male,Overwatch,93.54
684,Val,Swatton,36,vswattoniz@hibu.com,China,Male,Assassin's Creed Odyssey,22.78
685,Michael,Satchel,65,msatchelj0@java.com,Japan,Male,Minecraft,134.16
686,Jocko,Roughan,18,jroughanj1@ted.com,Indonesia,Male,Minecraft,1.58
687,Pamela,Langelay,67,plangelayj2@epa.gov,Indonesia,Female,Super Mario Odyssey,17.99
688,Humbert,Troker,18,htrokerj3@odnoklassniki.ru,Mexico,Male,Red Dead Redemption 2,137.1
689,Lark,Brucker,18,lbruckerj4@stumbleupon.com,Czech Republic,Female,Overwatch,9.4
690,Idaline,Castagneri,56,icastagnerij5@histats.com,United States,Female,Red Dead Redemption 2,110.6
691,Chrysler,Vooght,83,cvooghtj6@mapy.cz,Russia,Female,Overwatch,93.18
692,Ram,Ledwidge,39,rledwidgej7@t.co,Croatia,Male,The Legend of Zelda: Breath of the Wild,33.53
693,Camel,Miranda,44,cmirandaj8@ucoz.ru,Croatia,Female,Grand Theft Auto V,56.62
694,Roberta,Rennard,67,rrennardj9@hatena.ne.jp,China,Female,The Legend of Zelda: Breath of the Wild,17.92
695,Haily,Arnhold,22,harnholdja@freewebs.com,Czech Republic,Female,Assassin's Creed Odyssey,77.67
696,Pedro,Itchingham,27,pitchinghamjb@fc2.com,Russia,Male,Fortnite,162.2
697,Lyn,Barens,46,lbarensjc@prnewswire.com,Portugal,Male,Call of Duty: Modern Warfare,127.35
698,Dorella,Barge,20,dbargejd@aboutads.info,Portugal,Female,Super Mario Odyssey,140.48
699,Meggy,Dudbridge,32,mdudbridgeje@mac.com,Indonesia,Female,Assassin's Creed Odyssey,66.47
700,Maximilianus,Giovannetti,32,mgiovannettijf@topsy.com,Portugal,Male,Call of Duty: Modern Warfare,153.68
701,Kelci,Boden,40,kbodenjg@eepurl.com,Mexico,Female,Call of Duty: Modern Warfare,114.27
702,Gweneth,Ream,56,greamjh@tuttocitta.it,China,Female,Grand Theft Auto V,84.4
703,Elliott,Perl,45,eperlji@microsoft.com,China,Male,Grand Theft Auto V,22.87
704,Deny,Hourihan,84,dhourihanjj@adobe.com,Portugal,Female,Red Dead Redemption 2,75.97
705,Beret,Rochelle,52,brochellejk@china.com.cn,China,Female,Fortnite,120.53
706,Talbot,Kinvig,70,tkinvigjl@seesaa.net,China,Male,The Legend of Zelda: Breath of the Wild,107.8
707,Loretta,Bernasek,64,lbernasekjm@narod.ru,Afghanistan,Female,The Legend of Zelda: Breath of the Wild,49.73
708,Eleanore,Knightsbridge,56,eknightsbridgejn@ustream.tv,Philippines,Female,Minecraft,131.44
709,Susanne,Spat,18,sspatjo@unblog.fr,Ukraine,Female,Super Mario Odyssey,94.6
710,Suzann,Bonson,72,sbonsonjp@facebook.com,Thailand,Female,The Legend of Zelda: Breath of the Wild,55.64
711,Torrence,Hawyes,77,thawyesjq@samsung.com,Russia,Male,The Legend of Zelda: Breath of the Wild,149.03
712,Donaugh,Jouning,51,djouningjr@sphinn.com,Canada,Male,Minecraft,137.55
713,Karon,Tiley,55,ktileyjs@columbia.edu,Greece,Female,FIFA 20,79.77
714,Morty,Birkinshaw,77,mbirkinshawjt@bbb.org,Indonesia,Male,Overwatch,36.12
715,Elnore,Handy,27,ehandyju@patch.com,China,Female,Super Mario Odyssey,16.93
716,Richy,Toulmin,45,rtoulminjv@qq.com,Macedonia,Male,Grand Theft Auto V,113.2
717,Lindsey,Finnimore,85,lfinnimorejw@com.com,Czech Republic,Female,The Legend of Zelda: Breath of the Wild,139.61
718,Deane,Mennell,43,dmennelljx@cafepress.com,Indonesia,Male,Grand Theft Auto V,81.67
719,Sutherlan,Ervin,45,servinjy@nydailynews.com,Sweden,Male,The Legend of Zelda: Breath of the Wild,134.99
720,Robyn,Zoellner,22,rzoellnerjz@yahoo.co.jp,Brazil,Female,Grand Theft Auto V,167.51
721,Edgardo,Everist,56,eeveristk0@timesonline.co.uk,Indonesia,Male,Super Mario Odyssey,84.18
722,Kiah,Hucke,43,khuckek1@over-blog.com,Brazil,Female,The Legend of Zelda: Breath of the Wild,84.96
723,Emilee,Drakard,30,edrakardk2@flickr.com,Greece,Female,The Legend of Zelda: Breath of the Wild,30.6
724,Nancee,Galletley,50,ngalletleyk3@freewebs.com,Indonesia,Female,Overwatch,5.14
725,Kiel,Halms,62,khalmsk4@cbslocal.com,Oman,Male,The Legend of Zelda: Breath of the Wild,98.05
726,Liana,Meriton,81,lmeritonk5@aol.com,Philippines,Female,Assassin's Creed Odyssey,87.21
727,Peirce,Ragdale,30,pragdalek6@kickstarter.com,Portugal,Male,The Legend of Zelda: Breath of the Wild,107.9
728,Athena,Titlow,38,atitlowk7@europa.eu,Tajikistan,Female,Overwatch,146.15
729,Valentijn,Peirazzi,19,vpeirazzik8@bbb.org,Spain,Male,Assassin's Creed Odyssey,53.83
730,Estrellita,Moret,40,emoretk9@simplemachines.org,Indonesia,Female,Call of Duty: Modern Warfare,8.83
731,Wynnie,Corley,31,wcorleyka@microsoft.com,Bulgaria,Female,Minecraft,114.05
732,Ximenez,Giacovazzo,58,xgiacovazzokb@mapy.cz,China,Male,Super Mario Odyssey,141.75
733,Rudy,Glasman,68,rglasmankc@oracle.com,Indonesia,Male,Grand Theft Auto V,135.67
734,Oswell,Vanichkov,25,ovanichkovkd@squidoo.com,Portugal,Male,Grand Theft Auto V,20.05
735,Jeddy,Hearnaman,24,jhearnamanke@hhs.gov,Peru,Male,Overwatch,107.19
736,Brande,De Lacey,64,bdelaceykf@oracle.com,Philippines,Female,Minecraft,167.56
737,Farris,Darrach,64,fdarrachkg@wikia.com,Myanmar,Male,Assassin's Creed Odyssey,79.54
738,Richardo,Vizard,26,rvizardkh@yellowbook.com,Yemen,Male,Red Dead Redemption 2,53.66
739,Cathrin,Absolem,68,cabsolemki@chicagotribune.com,Sweden,Female,Grand Theft Auto V,12.29
740,Dallon,Gheerhaert,76,dgheerhaertkj@posterous.com,Indonesia,Male,Assassin's Creed Odyssey,162.28
741,Newton,Meharry,85,nmeharrykk@fastcompany.com,Germany,Male,Red Dead Redemption 2,63.37
742,Pierette,Seamon,44,pseamonkl@bloglovin.com,Cyprus,Female,The Legend of Zelda: Breath of the Wild,84.81
743,Mercedes,McQuilliam,50,mmcquilliamkm@google.com,Albania,Female,The Legend of Zelda: Breath of the Wild,39.44
744,Hazel,Cubberley,55,hcubberleykn@nih.gov,Ukraine,Male,FIFA 20,107.99
745,Dov,Marrington,21,dmarringtonko@ox.ac.uk,Philippines,Male,Grand Theft Auto V,137.55
746,Sascha,Highnam,19,shighnamkp@shop-pro.jp,China,Male,Super Mario Odyssey,9.15
747,Aldous,Postill,25,apostillkq@wix.com,China,Male,Super Mario Odyssey,165.14
748,Laurette,Prier,23,lprierkr@phoca.cz,Mongolia,Female,Grand Theft Auto V,137.19
749,Lynsey,Alliker,49,lallikerks@cbsnews.com,Poland,Female,Red Dead Redemption 2,23.63
750,Cecelia,Ingolotti,57,cingolottikt@newyorker.com,Indonesia,Female,Red Dead Redemption 2,113.97
751,Mabelle,Dormand,71,mdormandku@yale.edu,France,Female,Assassin's Creed Odyssey,130.66
752,Roana,Madre,75,rmadrekv@xinhuanet.com,China,Female,Red Dead Redemption 2,95.89
753,Darci,Urion,73,durionkw@symantec.com,Peru,Female,Overwatch,14.69
754,Karisa,MacNally,62,kmacnallykx@livejournal.com,Brazil,Female,Fortnite,144.72
755,Tamara,Checcucci,60,tcheccucciky@devhub.com,Kenya,Female,Assassin's Creed Odyssey,112.36
756,Caressa,Grumble,66,cgrumblekz@phoca.cz,Yemen,Female,Call of Duty: Modern Warfare,129.15
757,Magda,Bolin,47,mbolinl0@geocities.com,Indonesia,Female,Fortnite,68.26
758,Aloise,Saunderson,67,asaundersonl1@live.com,China,Female,Fortnite,65.63
759,Dari,Mattersey,20,dmatterseyl2@washingtonpost.com,China,Female,Overwatch,148.82
760,Mada,Meineck,53,mmeineckl3@quantcast.com,Russia,Female,Overwatch,48.12
761,Standford,Dorot,21,sdorotl4@yahoo.com,France,Male,Call of Duty: Modern Warfare,165.14
762,Rebecca,Matskiv,60,rmatskivl5@t-online.de,Nigeria,Female,FIFA 20,72.04
763,Ilyssa,Pitts,29,ipittsl6@independent.co.uk,China,Female,Call of Duty: Modern Warfare,121.13
764,Iorgos,Dunmore,50,idunmorel7@telegraph.co.uk,Tanzania,Male,Fortnite,165.06
765,Bondie,Konmann,67,bkonmannl8@miitbeian.gov.cn,Luxembourg,Male,Red Dead Redemption 2,128.78
766,Jemmie,Houtby,82,jhoutbyl9@artisteer.com,United States,Female,Fortnite,119.13
767,Deloria,Corton,68,dcortonla@pagesperso-orange.fr,Lebanon,Female,Red Dead Redemption 2,21.13
768,Devin,Jackes,49,djackeslb@furl.net,Portugal,Male,Overwatch,36.26
769,Liana,De Witt,66,ldewittlc@cornell.edu,Serbia,Female,Super Mario Odyssey,26.81
770,Frederica,Pendlebery,38,fpendleberyld@google.co.uk,Norway,Female,Fortnite,154.81
771,Templeton,Scholcroft,45,tscholcroftle@squarespace.com,Argentina,Male,Fortnite,50.14
772,Clerissa,Travers,29,ctraverslf@google.com.br,Djibouti,Female,The Legend of Zelda: Breath of the Wild,70.86
773,Naoma,Ferenc,21,nferenclg@aboutads.info,Pakistan,Female,FIFA 20,156
774,Melinde,Messager,48,mmessagerlh@youtu.be,Indonesia,Female,Assassin's Creed Odyssey,129.02
775,Moses,Kubes,31,mkubesli@wikimedia.org,Indonesia,Male,Grand Theft Auto V,17.11
776,Lola,Stretton,28,lstrettonlj@merriam-webster.com,Afghanistan,Female,Super Mario Odyssey,107.49
777,Naomi,Tire,71,ntirelk@virginia.edu,Guam,Female,Grand Theft Auto V,73.31
778,Dolorita,Jamson,72,djamsonll@seattletimes.com,Indonesia,Female,Super Mario Odyssey,61.59
779,Tiebout,Rougier,58,trougierlm@trellian.com,Namibia,Male,Call of Duty: Modern Warfare,124.21
780,Rees,Tregea,49,rtregealn@unc.edu,China,Male,Fortnite,167.01
781,Enriqueta,Antoszczyk,73,eantoszczyklo@fda.gov,Cuba,Female,Overwatch,106.76
782,Nissie,Eliaz,63,neliazlp@wsj.com,Sweden,Female,Fortnite,166.48
783,Ernesta,Casella,62,ecasellalq@indiegogo.com,China,Female,Minecraft,5.69
784,Shelagh,Mum,75,smumlr@zimbio.com,Greece,Female,Fortnite,94.71
785,Frans,Ketchen,42,fketchenls@xing.com,China,Male,Red Dead Redemption 2,63.61
786,Aldous,Frammingham,81,aframminghamlt@sbwire.com,Belarus,Male,Overwatch,78.88
787,Blondell,Rankling,81,branklinglu@shinystat.com,Thailand,Female,Minecraft,18.33
788,Ladonna,Drohan,35,ldrohanlv@hud.gov,Brazil,Female,FIFA 20,110.69
789,Merrill,Killiam,50,mkilliamlw@google.com.au,Sudan,Male,Assassin's Creed Odyssey,127.85
790,Aristotle,Tidbald,64,atidbaldlx@phpbb.com,Russia,Male,Minecraft,165.85
791,Gallagher,Leahy,24,gleahyly@gmpg.org,Chad,Male,Assassin's Creed Odyssey,48.87
792,Gretel,Pimblott,63,gpimblottlz@altervista.org,China,Female,Assassin's Creed Odyssey,128.12
793,Neel,Matuszynski,50,nmatuszynskim0@yandex.ru,Ghana,Male,Red Dead Redemption 2,42.62
794,Myrtice,O'Fearguise,75,mofearguisem1@nbcnews.com,China,Female,The Legend of Zelda: Breath of the Wild,132.78
795,Fifine,Yeabsley,81,fyeabsleym2@blinklist.com,Philippines,Female,Super Mario Odyssey,95.06
796,Fran,MacElane,51,fmacelanem3@creativecommons.org,France,Female,Overwatch,9.52
797,Delmore,Bagnell,83,dbagnellm4@nifty.com,China,Male,Assassin's Creed Odyssey,64.66
798,Haydon,Blazek,51,hblazekm5@tiny.cc,China,Male,Minecraft,14.4
799,Rosalinde,Proswell,83,rproswellm6@comsenz.com,Sri Lanka,Female,Red Dead Redemption 2,124.14
800,Jenda,Ree,80,jreem7@nature.com,Yemen,Female,Minecraft,157.25
801,Peyter,Du Barry,80,pdubarrym8@acquirethisname.com,El Salvador,Male,Call of Duty: Modern Warfare,40.45
802,Lou,Branchet,22,lbranchetm9@mozilla.org,China,Female,Call of Duty: Modern Warfare,61.64
803,Walden,Ropert,23,wropertma@apache.org,China,Male,FIFA 20,118.27
804,Bradan,Sparkwell,25,bsparkwellmb@w3.org,Indonesia,Male,Minecraft,159.23
805,Tyrone,Godsal,66,tgodsalmc@creativecommons.org,Czech Republic,Male,Red Dead Redemption 2,125.56
806,Ettie,Southers,51,esouthersmd@narod.ru,Indonesia,Female,Red Dead Redemption 2,151.26
807,Adda,Nutter,52,anutterme@illinois.edu,South Africa,Female,Assassin's Creed Odyssey,130.08
808,Emma,Aloshechkin,82,ealoshechkinmf@youku.com,France,Female,FIFA 20,116.51
809,Johannes,Frankland,44,jfranklandmg@sakura.ne.jp,China,Male,Red Dead Redemption 2,78.95
810,Antonino,Cumesky,23,acumeskymh@businesswire.com,China,Male,Super Mario Odyssey,125.18
811,Hobart,Iley,70,hileymi@blog.com,Poland,Male,The Legend of Zelda: Breath of the Wild,39.66
812,Tallie,Keppe,42,tkeppemj@smh.com.au,Argentina,Female,The Legend of Zelda: Breath of the Wild,86.13
813,Erv,Matussov,59,ematussovmk@wikipedia.org,France,Male,The Legend of Zelda: Breath of the Wild,31.37
814,Grange,Mougin,45,gmouginml@vinaora.com,Indonesia,Male,Call of Duty: Modern Warfare,110.57
815,Zedekiah,Hassekl,25,zhasseklmm@blogtalkradio.com,Philippines,Male,Assassin's Creed Odyssey,30.08
816,Kalindi,McCutcheon,67,kmccutcheonmn@msu.edu,Peru,Female,Fortnite,93.28
817,Viviana,Spir,59,vspirmo@reverbnation.com,Kazakhstan,Female,Call of Duty: Modern Warfare,95.71
818,Opaline,Cosser,75,ocossermp@goo.ne.jp,Vietnam,Female,FIFA 20,54.3
819,Ozzie,Philcock,34,ophilcockmq@oaic.gov.au,Sweden,Male,The Legend of Zelda: Breath of the Wild,153.91
820,Brockie,Fischer,32,bfischermr@amazonaws.com,China,Male,Red Dead Redemption 2,115.71
821,Frank,Eberz,24,feberzms@tripadvisor.com,Russia,Male,Red Dead Redemption 2,18.54
822,Terri,Smiz,50,tsmizmt@state.tx.us,Vietnam,Female,Assassin's Creed Odyssey,60.89
823,Fremont,Pietrzak,33,fpietrzakmu@delicious.com,Russia,Male,Red Dead Redemption 2,56.64
824,Bond,Kinneally,67,bkinneallymv@prweb.com,Philippines,Male,Fortnite,161.65
825,Kassey,Wharby,72,kwharbymw@mozilla.com,Portugal,Female,Overwatch,112.13
826,Dorthea,Krop,63,dkropmx@mail.ru,Czech Republic,Female,Overwatch,115.27
827,Andie,Summerlee,33,asummerleemy@cyberchimps.com,Russia,Female,Super Mario Odyssey,18.34
828,Donnamarie,Forri,52,dforrimz@mtv.com,France,Female,Call of Duty: Modern Warfare,68.56
829,Willy,Colliver,61,wcollivern0@tinypic.com,France,Male,Overwatch,103.56
830,Ernst,Birts,18,ebirtsn1@instagram.com,China,Male,FIFA 20,159.25
831,Angela,Pumfrey,19,apumfreyn2@skype.com,Colombia,Female,Assassin's Creed Odyssey,149.52
832,Tonye,Matissoff,31,tmatissoffn3@prlog.org,Mexico,Female,Assassin's Creed Odyssey,71.94
833,Leupold,Griston,52,lgristonn4@friendfeed.com,United States,Male,Call of Duty: Modern Warfare,75.5
834,Knox,Stutter,83,kstuttern5@nhs.uk,Madagascar,Male,Call of Duty: Modern Warfare,106.87
835,Jenda,Margrett,38,jmargrettn6@marketwatch.com,Portugal,Female,Fortnite,155.64
836,Tarrance,Rowbotham,80,trowbothamn7@gravatar.com,Indonesia,Male,Grand Theft Auto V,164.26
837,Maighdiln,Andrioni,24,mandrionin8@nationalgeographic.com,France,Female,Assassin's Creed Odyssey,101.92
838,Kate,Crutchley,71,kcrutchleyn9@friendfeed.com,China,Female,Assassin's Creed Odyssey,94.63
839,Tann,Gartin,59,tgartinna@princeton.edu,United States,Male,FIFA 20,143.35
840,Lishe,Zieme,20,lziemenb@fema.gov,Philippines,Female,Fortnite,100.88
841,Mirabella,Moorhouse,43,mmoorhousenc@hc360.com,Philippines,Female,The Legend of Zelda: Breath of the Wild,40.3
842,Elvin,Merrill,66,emerrillnd@hud.gov,China,Male,Red Dead Redemption 2,41.84
843,Stacia,Bockh,27,sbockhne@cargocollective.com,Peru,Female,Call of Duty: Modern Warfare,91.05
844,Rob,Trewhella,67,rtrewhellanf@wix.com,China,Male,Grand Theft Auto V,14.72
845,Ange,Baguley,77,abaguleyng@artisteer.com,Greece,Female,The Legend of Zelda: Breath of the Wild,54.68
846,Eyde,Hofner,68,ehofnernh@google.co.jp,Portugal,Female,Fortnite,100.32
847,Jude,Whyte,46,jwhyteni@cnn.com,China,Male,Super Mario Odyssey,115.61
848,Sibel,Gemlbett,80,sgemlbettnj@ning.com,Indonesia,Female,FIFA 20,161.9
849,Arlina,Keble,78,akeblenk@ifeng.com,Germany,Female,Grand Theft Auto V,87.49
850,Jeri,Farndale,66,jfarndalenl@amazonaws.com,Indonesia,Female,Grand Theft Auto V,72.7
851,Barnabe,Chainey,32,bchaineynm@myspace.com,Indonesia,Male,Fortnite,58.25
852,Zebulon,Aliberti,44,zalibertinn@phoca.cz,China,Male,Call of Duty: Modern Warfare,92.44
853,Reuben,Izkoveski,76,rizkoveskino@lycos.com,Indonesia,Male,Grand Theft Auto V,40.24
854,Aeriell,Sotham,37,asothamnp@auda.org.au,Kenya,Female,Overwatch,135.68
855,Eugenia,Culbert,79,eculbertnq@myspace.com,Ukraine,Female,Minecraft,110.63
856,Fidela,Kissack,81,fkissacknr@slashdot.org,Sweden,Female,The Legend of Zelda: Breath of the Wild,46.74
857,Whitman,Velden,23,wveldenns@forbes.com,Indonesia,Male,The Legend of Zelda: Breath of the Wild,128.02
858,Knox,Menaul,60,kmenaulnt@quantcast.com,Sweden,Male,The Legend of Zelda: Breath of the Wild,72.74
859,Hildagarde,Tidbury,63,htidburynu@go.com,Indonesia,Female,Fortnite,139.65
860,Angel,Jeandeau,20,ajeandeaunv@domainmarket.com,Argentina,Male,Assassin's Creed Odyssey,74.06
861,Kellen,Heck,21,khecknw@comsenz.com,Philippines,Female,Minecraft,134.03
862,Aristotle,Kynton,69,akyntonnx@netlog.com,Ukraine,Male,FIFA 20,75.67
863,Zollie,Hatwell,36,zhatwellny@webs.com,Luxembourg,Male,Call of Duty: Modern Warfare,2.26
864,Ruddy,Danovich,41,rdanovichnz@webmd.com,Canada,Male,The Legend of Zelda: Breath of the Wild,45.11
865,Lucita,Seaking,30,lseakingo0@geocities.jp,Indonesia,Female,Super Mario Odyssey,65.27
866,Timothy,Howie,85,thowieo1@canalblog.com,United States,Male,Red Dead Redemption 2,117.57
867,Merle,Hlavac,84,mhlavaco2@pcworld.com,Sweden,Male,Fortnite,33.67
868,Lemmie,Scuffham,80,lscuffhamo3@sbwire.com,Portugal,Male,Overwatch,85.12
869,Goddart,Janas,72,gjanaso4@nationalgeographic.com,Canada,Male,The Legend of Zelda: Breath of the Wild,160.37
870,Judye,Haysar,74,jhaysaro5@t-online.de,Indonesia,Female,Fortnite,111.89
871,Aviva,Sloper,43,aslopero6@nsw.gov.au,France,Female,Assassin's Creed Odyssey,72.47
872,Leo,Giddons,68,lgiddonso7@bloomberg.com,Malaysia,Male,Fortnite,0.72
873,Halie,Jaycocks,76,hjaycockso8@oaic.gov.au,Brazil,Female,Minecraft,77
874,Rowen,Meekings,37,rmeekingso9@canalblog.com,Indonesia,Male,Fortnite,48.33
875,Jackquelin,Peploe,61,jpeploeoa@va.gov,Honduras,Female,Super Mario Odyssey,100.46
876,Andee,Willbraham,83,awillbrahamob@prlog.org,China,Female,Fortnite,27.13
877,Rooney,Donnison,79,rdonnisonoc@ezinearticles.com,China,Male,FIFA 20,112.22
878,Margit,Havenhand,79,mhavenhandod@hp.com,Spain,Female,Red Dead Redemption 2,152.91
879,Jennifer,Wigfall,61,jwigfalloe@smugmug.com,China,Female,Call of Duty: Modern Warfare,18.79
880,Maurizio,Molen,83,mmolenof@nature.com,Norway,Male,Fortnite,52.51
881,Brianne,Rein,57,breinog@redcross.org,Peru,Female,Overwatch,63.62
882,Shaine,Gorrissen,53,sgorrissenoh@noaa.gov,Indonesia,Female,Overwatch,100.01
883,Norine,Elsworth,63,nelsworthoi@mapquest.com,China,Female,The Legend of Zelda: Breath of the Wild,157.1
884,Emmeline,Few,75,efewoj@rakuten.co.jp,South Africa,Female,FIFA 20,15.36
885,Jocelin,Baxstare,62,jbaxstareok@apache.org,Armenia,Female,The Legend of Zelda: Breath of the Wild,78.47
886,Elmira,Krauss,29,ekraussol@alexa.com,Russia,Female,Red Dead Redemption 2,125.49
887,Hamlen,Smithyman,53,hsmithymanom@com.com,Malaysia,Male,Call of Duty: Modern Warfare,123.68
888,Pietra,Minshull,30,pminshullon@dyndns.org,Portugal,Female,The Legend of Zelda: Breath of the Wild,113.91
889,Vittorio,Bardill,50,vbardilloo@jalbum.net,Philippines,Male,Call of Duty: Modern Warfare,95.63
890,Ced,Cantor,54,ccantorop@columbia.edu,Philippines,Male,Call of Duty: Modern Warfare,50.32
891,Ki,Fawdrey,78,kfawdreyoq@google.ca,Mongolia,Female,Call of Duty: Modern Warfare,46.12
892,Noll,Tirrell,57,ntirrellor@addtoany.com,Taiwan,Male,Super Mario Odyssey,161.4
893,Kelwin,Siman,81,ksimanos@artisteer.com,United States,Male,Overwatch,143.66
894,Earvin,Abels,53,eabelsot@tamu.edu,Philippines,Male,Minecraft,135.06
895,Derk,Reddy,70,dreddyou@independent.co.uk,Philippines,Male,Minecraft,167.36
896,Gris,Petrovsky,54,gpetrovskyov@delicious.com,Portugal,Male,Super Mario Odyssey,69.11
897,Dino,Vivash,71,dvivashow@tuttocitta.it,Sweden,Male,Assassin's Creed Odyssey,165.8
898,Jacinthe,Terbruggen,23,jterbruggenox@creativecommons.org,Sweden,Female,Call of Duty: Modern Warfare,135.78
899,Josi,Figiovanni,73,jfigiovannioy@cyberchimps.com,Brazil,Female,Assassin's Creed Odyssey,25.37
900,Alethea,Habin,41,ahabinoz@berkeley.edu,France,Female,Fortnite,162.55
901,Brenden,Hyndson,31,bhyndsonp0@guardian.co.uk,Czech Republic,Male,Minecraft,81.98
902,Mina,Sarrell,81,msarrellp1@miitbeian.gov.cn,Morocco,Female,Overwatch,92.44
903,Bert,Grinvalds,20,bgrinvaldsp2@netscape.com,Germany,Male,Call of Duty: Modern Warfare,167.42
904,Verge,Midgely,54,vmidgelyp3@ifeng.com,Indonesia,Male,Minecraft,115.06
905,Parker,Cyster,79,pcysterp4@clickbank.net,Pakistan,Male,Assassin's Creed Odyssey,65.76
906,Ainslee,Britton,39,abrittonp5@unesco.org,Thailand,Female,Grand Theft Auto V,101.32
907,Moritz,Cunio,82,mcuniop6@businessinsider.com,Japan,Male,Assassin's Creed Odyssey,47.59
908,Donnamarie,Jonathon,64,djonathonp7@networksolutions.com,Philippines,Female,Assassin's Creed Odyssey,84.28
909,Fran,Youd,20,fyoudp8@comsenz.com,Sweden,Male,Fortnite,46.43
910,Torre,Hamsher,19,thamsherp9@businessweek.com,Russia,Male,Super Mario Odyssey,113.53
911,Arman,Lessmare,85,alessmarepa@mozilla.com,United Arab Emirates,Male,The Legend of Zelda: Breath of the Wild,24.66
912,Ari,Bess,23,abesspb@reuters.com,Indonesia,Male,Grand Theft Auto V,66.32
913,Emmit,Yakubovics,27,eyakubovicspc@deviantart.com,Portugal,Male,Super Mario Odyssey,31.02
914,Mischa,Shinfield,34,mshinfieldpd@amazon.co.jp,Paraguay,Male,Super Mario Odyssey,119.95
915,Cristie,Toleman,63,ctolemanpe@so-net.ne.jp,Portugal,Female,Call of Duty: Modern Warfare,103.6
916,Laurianne,Traylen,67,ltraylenpf@blogspot.com,Greece,Female,Grand Theft Auto V,63.99
917,Bobbie,Tanner,39,btannerpg@furl.net,Bangladesh,Male,Overwatch,61.23
918,Will,Kiffin,42,wkiffinph@nps.gov,Burundi,Male,Call of Duty: Modern Warfare,89.13
919,Ches,Kirtley,18,ckirtleypi@shinystat.com,Sweden,Male,Assassin's Creed Odyssey,34.16
920,Arabela,Pynn,34,apynnpj@usgs.gov,Indonesia,Female,FIFA 20,47.6
921,Jillene,Keizman,74,jkeizmanpk@storify.com,Madagascar,Female,Assassin's Creed Odyssey,51.41
922,Nikita,Griffen,33,ngriffenpl@addtoany.com,Yemen,Male,Minecraft,73.25
923,Ilene,Warriner,49,iwarrinerpm@wikimedia.org,China,Female,Super Mario Odyssey,10.73
924,Quinn,Pockett,84,qpockettpn@vimeo.com,Canada,Male,Call of Duty: Modern Warfare,54.7
925,Judye,Tomczykiewicz,27,jtomczykiewiczpo@apache.org,Philippines,Female,Grand Theft Auto V,123.13
926,Eliza,Chidler,72,echidlerpp@i2i.jp,Indonesia,Female,Grand Theft Auto V,124.7
927,Annie,Lambie,41,alambiepq@skype.com,China,Female,FIFA 20,126.66
928,Doreen,Bartosinski,67,dbartosinskipr@washingtonpost.com,Vietnam,Female,Grand Theft Auto V,45.1
929,Billi,Delacour,34,bdelacourps@squarespace.com,Mexico,Female,Call of Duty: Modern Warfare,60.17
930,Helenka,Bhatia,50,hbhatiapt@mediafire.com,Thailand,Female,Super Mario Odyssey,99.83
931,Freida,Dominec,75,fdominecpu@about.me,Peru,Female,Red Dead Redemption 2,141.05
932,Leia,Pickle,64,lpicklepv@wsj.com,Paraguay,Female,Assassin's Creed Odyssey,14.19
933,Wait,Alvar,36,walvarpw@dagondesign.com,Bangladesh,Male,Overwatch,22.8
934,Kaitlynn,Wolfindale,18,kwolfindalepx@about.me,Japan,Female,Red Dead Redemption 2,44.9
935,Benedick,Hardwicke,82,bhardwickepy@google.ca,Cuba,Male,Grand Theft Auto V,154.55
936,Nathanil,Dowall,49,ndowallpz@java.com,North Korea,Male,Grand Theft Auto V,158
937,Anastassia,Bertl,81,abertlq0@themeforest.net,Yemen,Female,FIFA 20,151.83
938,Dianemarie,Ackland,82,dacklandq1@weather.com,United States,Female,Grand Theft Auto V,140.72
939,Lilas,Lawie,80,llawieq2@dion.ne.jp,China,Female,Assassin's Creed Odyssey,60.08
940,Shamus,Mattiazzo,73,smattiazzoq3@fda.gov,Japan,Male,Fortnite,73.3
941,Brantley,Domenicone,43,bdomeniconeq4@delicious.com,Mexico,Male,Grand Theft Auto V,88.92
942,Giusto,Permain,41,gpermainq5@diigo.com,Philippines,Male,Call of Duty: Modern Warfare,156.28
943,Pauletta,Epine,46,pepineq6@blog.com,China,Female,Minecraft,89
944,Maximo,Piolli,76,mpiolliq7@wikipedia.org,Argentina,Male,Grand Theft Auto V,41.59
945,Marne,Janowski,80,mjanowskiq8@yellowpages.com,Brazil,Female,Fortnite,80.89
946,Darby,Rowthorne,72,drowthorneq9@blinklist.com,Estonia,Male,FIFA 20,101.04
947,Rey,Gepheart,67,rgepheartqa@reference.com,Indonesia,Female,Super Mario Odyssey,160.07
948,Kathy,Bingall,67,kbingallqb@facebook.com,Uganda,Female,Grand Theft Auto V,80.76
949,Albina,Don,51,adonqc@booking.com,Philippines,Female,Super Mario Odyssey,58.19
950,Juditha,Wibrew,71,jwibrewqd@opensource.org,Philippines,Female,Fortnite,107.84
951,Tomas,Dunbabin,85,tdunbabinqe@jiathis.com,Sweden,Male,FIFA 20,143.79
952,Skyler,Clatworthy,66,sclatworthyqf@thetimes.co.uk,Thailand,Male,Assassin's Creed Odyssey,8.71
953,Luelle,Crackel,81,lcrackelqg@taobao.com,Japan,Female,Assassin's Creed Odyssey,98.65
954,Britt,Grivori,37,bgrivoriqh@wikipedia.org,Peru,Male,Overwatch,10.73
955,Elysee,Bellham,22,ebellhamqi@e-recht24.de,Kenya,Female,Call of Duty: Modern Warfare,149.81
956,Gertrud,Branni,44,gbranniqj@yahoo.co.jp,Philippines,Female,Grand Theft Auto V,147.23
957,Chryste,Planks,67,cplanksqk@bloglovin.com,China,Female,Overwatch,75.35
958,Reube,Broadley,34,rbroadleyql@barnesandnoble.com,Zimbabwe,Male,Minecraft,124
959,Abdul,Grevel,20,agrevelqm@pcworld.com,France,Male,Overwatch,98.01
960,Noelle,Tugwell,18,ntugwellqn@ebay.co.uk,China,Female,Assassin's Creed Odyssey,118.09
961,Kimberley,Renison,53,krenisonqo@vinaora.com,Comoros,Female,Minecraft,153.92
962,Junette,Baskwell,49,jbaskwellqp@virginia.edu,Russia,Female,Red Dead Redemption 2,110.03
963,Shirleen,Snelle,29,ssnelleqq@china.com.cn,Ireland,Female,Fortnite,149.74
964,Martina,Lenney,36,mlenneyqr@hatena.ne.jp,Greece,Female,FIFA 20,95.76
965,Hermina,Harle,48,hharleqs@cisco.com,Indonesia,Female,Call of Duty: Modern Warfare,110.92
966,Tabbi,Kenward,82,tkenwardqt@trellian.com,Indonesia,Female,Call of Duty: Modern Warfare,147.22
967,Avery,Snarr,83,asnarrqu@w3.org,United States,Male,Overwatch,77.14
968,Cordelie,Wilbore,85,cwilboreqv@nydailynews.com,China,Female,The Legend of Zelda: Breath of the Wild,105.44
969,Doreen,Dubbin,37,ddubbinqw@vinaora.com,Ecuador,Female,Minecraft,112.75
970,Evangeline,Packington,77,epackingtonqx@quantcast.com,Indonesia,Female,FIFA 20,5.87
971,Derek,Anthoin,23,danthoinqy@livejournal.com,Slovenia,Male,Super Mario Odyssey,140.65
972,Jenna,Gallehawk,35,jgallehawkqz@mit.edu,Sweden,Female,Red Dead Redemption 2,25.27
973,Dudley,Mulberry,20,dmulberryr0@cpanel.net,Thailand,Male,Call of Duty: Modern Warfare,166.21
974,Suzette,Elgie,55,selgier1@nhs.uk,Portugal,Female,Grand Theft Auto V,51.13
975,Odessa,Beaney,56,obeaneyr2@businessinsider.com,Czech Republic,Female,Grand Theft Auto V,1.53
976,Bunni,Djuricic,58,bdjuricicr3@elpais.com,China,Female,Fortnite,72.91
977,Caleb,Olivari,74,colivarir4@wordpress.com,China,Male,FIFA 20,57.2
978,Cate,Srutton,82,csruttonr5@wikia.com,Poland,Female,Call of Duty: Modern Warfare,163.79
979,Wilfred,Jimmes,79,wjimmesr6@csmonitor.com,China,Male,Grand Theft Auto V,121.44
980,Madelina,Mayou,24,mmayour7@squidoo.com,France,Female,Super Mario Odyssey,77.06
981,Derril,Dark,50,ddarkr8@bravesites.com,Philippines,Male,Grand Theft Auto V,115.08
982,Nessa,Muggleston,21,nmugglestonr9@go.com,Netherlands,Female,Fortnite,114.22
983,Debor,Dillamore,84,ddillamorera@edublogs.org,Philippines,Female,FIFA 20,36.89
984,Cecilius,Franchi,78,cfranchirb@google.ca,Portugal,Male,Red Dead Redemption 2,36.17
985,Hewet,Kohrs,73,hkohrsrc@washington.edu,Thailand,Male,Minecraft,106.06
986,Hurley,Whitechurch,53,hwhitechurchrd@geocities.com,Canada,Male,Call of Duty: Modern Warfare,75.76
987,Lindsy,Rippen,84,lrippenre@nbcnews.com,Indonesia,Female,Overwatch,23.84
988,Zita,Farfull,64,zfarfullrf@usa.gov,Palestinian Territory,Female,Red Dead Redemption 2,9.11
989,Jorie,Mattiuzzi,48,jmattiuzzirg@360.cn,Venezuela,Female,Minecraft,65.68
990,Nikos,Swinnard,36,nswinnardrh@blogs.com,Indonesia,Male,The Legend of Zelda: Breath of the Wild,106.57
991,Karim,Grassett,73,kgrassettri@opensource.org,Jamaica,Male,Red Dead Redemption 2,52.2
992,Charlotta,Vaughan,42,cvaughanrj@tripadvisor.com,Georgia,Female,Call of Duty: Modern Warfare,61.55
993,Bertrando,Bavister,18,bbavisterrk@nhs.uk,Portugal,Male,Fortnite,80.54
994,Zulema,Plackstone,67,zplackstonerl@illinois.edu,Argentina,Female,Grand Theft Auto V,158.74
995,Waly,Condict,73,wcondictrm@usnews.com,Philippines,Female,Overwatch,12.66
996,Iver,Kelberman,81,ikelbermanrn@is.gd,Serbia,Male,The Legend of Zelda: Breath of the Wild,138.49
997,Chiquita,Martinez,33,cmartinezro@webnode.com,China,Female,Fortnite,13.58
998,Martyn,Munns,31,mmunnsrp@issuu.com,Russia,Male,Minecraft,115.56
999,Lonnie,Vakhrushin,62,lvakhrushinrq@netlog.com,China,Female,Fortnite,150.13
1000,Blinny,Moff,43,bmoffrr@digg.com,Philippines,Female,Super Mario Odyssey,90.31
